#
# There is insufficient memory for the Java Runtime Environment to continue.
# Native memory allocation (malloc) failed to allocate 1777264 bytes. Error detail: Chunk::new
# Possible reasons:
#   The system is out of physical RAM or swap space
#   This process is running with CompressedOops enabled, and the Java Heap may be blocking the growth of the native heap
# Possible solutions:
#   Reduce memory load on the system
#   Increase physical memory or swap space
#   Check if swap backing store is full
#   Decrease Java heap size (-Xmx/-Xms)
#   Decrease number of Java threads
#   Decrease Java thread stack sizes (-Xss)
#   Set larger code cache with -XX:ReservedCodeCacheSize=
#   JVM is running with Unscaled Compressed Oops mode in which the Java heap is
#     placed in the first 4GB address space. The Java Heap base address is the
#     maximum limit for the native heap growth. Please use -XX:HeapBaseMinAddress
#     to set the Java Heap base and to place the Java Heap above 4GB virtual address.
# This output file may be truncated or incomplete.
#
#  Out of Memory Error (arena.cpp:191), pid=25588, tid=17556
#
# JRE version: OpenJDK Runtime Environment Microsoft-14653939 (17.0.20+8) (build 17.0.20+8-LTS)
# Java VM: OpenJDK 64-Bit Server VM Microsoft-14653939 (17.0.20+8-LTS, mixed mode, sharing, tiered, compressed oops, compressed class ptrs, g1 gc, windows-amd64)
# No core dump will be written. Minidumps are not enabled by default on client versions of Windows
#

---------------  S U M M A R Y ------------

Command Line: --add-opens=java.base/java.lang=ALL-UNNAMED --add-opens=java.base/java.lang.invoke=ALL-UNNAMED --add-opens=java.base/java.util=ALL-UNNAMED --add-opens=java.prefs/java.util.prefs=ALL-UNNAMED --add-exports=jdk.compiler/com.sun.tools.javac.api=ALL-UNNAMED --add-exports=jdk.compiler/com.sun.tools.javac.util=ALL-UNNAMED --add-opens=java.base/java.util=ALL-UNNAMED --add-opens=java.prefs/java.util.prefs=ALL-UNNAMED --add-opens=java.base/java.nio.charset=ALL-UNNAMED --add-opens=java.base/java.net=ALL-UNNAMED --add-opens=java.base/java.util.concurrent.atomic=ALL-UNNAMED --add-opens=java.xml/javax.xml.namespace=ALL-UNNAMED -XX:MaxMetaspaceSize=384m -XX:+HeapDumpOnOutOfMemoryError -Xms256m -Xmx512m -Dfile.encoding=windows-1252 -Duser.country=US -Duser.language=en -Duser.variant -javaagent:C:\Users\duoc.nguyen1\.gradle\wrapper\dists\gradle-8.13-bin\5xuhj0ry160q40clulazy9h7d\gradle-8.13\lib\agents\gradle-instrumentation-agent-8.13.jar org.gradle.launcher.daemon.bootstrap.GradleDaemon 8.13

Host: Intel(R) Core(TM) i3-14100, 8 cores, 15G,  Windows 11 , 64 bit Build 26100 (10.0.26100.8521)
Time: Tue Aug  4 16:16:55 2026 SE Asia Standard Time elapsed time: 203.985556 seconds (0d 0h 3m 23s)

---------------  T H R E A D  ---------------

Current thread (0x00000201a8026030):  JavaThread "C2 CompilerThread0" daemon [_thread_in_native, id=17556, stack(0x000000a589f00000,0x000000a58a000000)]


Current CompileTask:
C2:203985 11733       4       org.gradle.internal.logging.sink.OutputEventTransformer::onOutput (369 bytes)

Stack: [0x000000a589f00000,0x000000a58a000000]
Native frames: (J=compiled Java code, j=interpreted, Vv=VM code, C=native code)
V  [jvm.dll+0x68d159]  (no source info available)
V  [jvm.dll+0x8462c9]  (no source info available)
V  [jvm.dll+0x84803b]  (no source info available)
V  [jvm.dll+0x8486c3]  (no source info available)
V  [jvm.dll+0x24d12f]  (no source info available)
V  [jvm.dll+0xaed56]  (no source info available)
V  [jvm.dll+0xaf3fc]  (no source info available)
V  [jvm.dll+0x37193e]  (no source info available)
V  [jvm.dll+0x33bb95]  (no source info available)
V  [jvm.dll+0x33affa]  (no source info available)
V  [jvm.dll+0x21e039]  (no source info available)
V  [jvm.dll+0x21d482]  (no source info available)
V  [jvm.dll+0x1a8db6]  (no source info available)
V  [jvm.dll+0x22dcdb]  (no source info available)
V  [jvm.dll+0x22be66]  (no source info available)
V  [jvm.dll+0x7fc40b]  (no source info available)
V  [jvm.dll+0x7f67dc]  (no source info available)
V  [jvm.dll+0x68e6f7]  (no source info available)
C  [ucrtbase.dll+0x2cd30]  (no source info available)
C  [KERNEL32.DLL+0x2e957]  (no source info available)
C  [ntdll.dll+0x87c1c]  (no source info available)


---------------  P R O C E S S  ---------------

Threads class SMR info:
_java_thread_list=0x00000201aedb6630, length=145, elements={
0x00000201ef81c0f0, 0x00000201fb44a690, 0x00000201fb44b160, 0x00000201a8012090,
0x00000201a8014970, 0x00000201a8015240, 0x00000201a801db20, 0x00000201a8026030,
0x00000201a8028950, 0x00000201a802f280, 0x00000201a815cba0, 0x00000201a815ad40,
0x00000201a815a830, 0x00000201a815b250, 0x00000201a815d5c0, 0x00000201a815d0b0,
0x00000201a8159e10, 0x00000201a815a320, 0x00000201a815b760, 0x00000201a815c180,
0x00000201a815c690, 0x00000201a9f586f0, 0x00000201a9f572b0, 0x00000201a9f55960,
0x00000201a9f55e70, 0x00000201a9f577c0, 0x00000201a9f57cd0, 0x00000201a9f56380,
0x00000201a9f56890, 0x00000201a9f581e0, 0x00000201a9f54f40, 0x00000201a9f59110,
0x00000201a9f5a040, 0x00000201a9f59620, 0x00000201a9f5aa60, 0x00000201a9f5af70,
0x00000201a9f5b480, 0x00000201a9f58c00, 0x00000201a9f5bea0, 0x00000201a9f5b990,
0x00000201a9f5c3b0, 0x00000201a9f5c8c0, 0x00000201ad04db20, 0x00000201ad04c1d0,
0x00000201ad04f980, 0x00000201ad04e540, 0x00000201ad04ef60, 0x00000201ad04ea50,
0x00000201ad04d100, 0x00000201ad04f470, 0x00000201ad04e030, 0x00000201ad04fe90,
0x00000201ad04c6e0, 0x00000201ad04d610, 0x00000201ad0503a0, 0x00000201ad04cbf0,
0x00000201ad0508b0, 0x00000201ad050dc0, 0x00000201ad052c20, 0x00000201ad052710,
0x00000201ad053640, 0x00000201ad053b50, 0x00000201ad0512d0, 0x00000201ad051cf0,
0x00000201abd5e570, 0x00000201abd603d0, 0x00000201abd608e0, 0x00000201abd5f4a0,
0x00000201abd5ea80, 0x00000201abd5f9b0, 0x00000201abd5e060, 0x00000201abd5fec0,
0x00000201abd60df0, 0x00000201abd61300, 0x00000201abd61d20, 0x00000201abd62230,
0x00000201abd62740, 0x00000201abd5ef90, 0x00000201abd63670, 0x00000201abd63b80,
0x00000201abd63160, 0x00000201abd64fc0, 0x00000201abd64ab0, 0x00000201abd62c50,
0x00000201abd64090, 0x00000201abd645a0, 0x00000201abd654d0, 0x00000201ac756ce0,
0x00000201ac755db0, 0x00000201ac7562c0, 0x00000201ac7571f0, 0x00000201ac7567d0,
0x00000201ac754e80, 0x00000201ac757c10, 0x00000201ac754460, 0x00000201ac754970,
0x00000201ac755390, 0x00000201ac7558a0, 0x00000201aa5edfe0, 0x00000201aa5ec180,
0x00000201aa5ee4f0, 0x00000201aa5eea00, 0x00000201aa5eef10, 0x00000201aa5efe40,
0x00000201aa5ef420, 0x00000201aa5ef930, 0x00000201aa5ecba0, 0x00000201aa5f0350,
0x00000201aa5f0860, 0x00000201aa5ed0b0, 0x00000201aa5f0d70, 0x00000201aa5edad0,
0x00000201aa5ed5c0, 0x00000201aa5f1ca0, 0x00000201aa5f3b00, 0x00000201aa5f35f0,
0x00000201aa5f26c0, 0x00000201aa5f1280, 0x00000201aa5f1790, 0x00000201aa5f21b0,
0x00000201aa5f2bd0, 0x00000201ad036f90, 0x00000201ad035130, 0x00000201ad035640,
0x00000201ad036570, 0x00000201ad036a80, 0x00000201ad035b50, 0x00000201ad0374a0,
0x00000201ad036060, 0x00000201ad034c20, 0x00000201ad0379b0, 0x00000201ad034200,
0x00000201ad037ec0, 0x00000201ad039300, 0x00000201ad03a740, 0x00000201ad03ac50,
0x00000201ad03b160, 0x00000201ad03b670, 0x00000201ad0388e0, 0x00000201ad03bb80,
0x00000201ad0383d0, 0x00000201ad038df0, 0x00000201ad039810, 0x00000201ad039d20,
0x00000201ad03a230
}

Java Threads: ( => current thread )
  0x00000201ef81c0f0 JavaThread "main" [_thread_blocked, id=31856, stack(0x000000a589200000,0x000000a589300000)]
  0x00000201fb44a690 JavaThread "Reference Handler" daemon [_thread_blocked, id=32568, stack(0x000000a589900000,0x000000a589a00000)]
  0x00000201fb44b160 JavaThread "Finalizer" daemon [_thread_blocked, id=18312, stack(0x000000a589a00000,0x000000a589b00000)]
  0x00000201a8012090 JavaThread "Signal Dispatcher" daemon [_thread_blocked, id=22412, stack(0x000000a589b00000,0x000000a589c00000)]
  0x00000201a8014970 JavaThread "Attach Listener" daemon [_thread_blocked, id=29244, stack(0x000000a589c00000,0x000000a589d00000)]
  0x00000201a8015240 JavaThread "Service Thread" daemon [_thread_blocked, id=23536, stack(0x000000a589d00000,0x000000a589e00000)]
  0x00000201a801db20 JavaThread "Monitor Deflation Thread" daemon [_thread_blocked, id=24404, stack(0x000000a589e00000,0x000000a589f00000)]
=>0x00000201a8026030 JavaThread "C2 CompilerThread0" daemon [_thread_in_native, id=17556, stack(0x000000a589f00000,0x000000a58a000000)]
  0x00000201a8028950 JavaThread "C1 CompilerThread0" daemon [_thread_blocked, id=27500, stack(0x000000a58a000000,0x000000a58a100000)]
  0x00000201a802f280 JavaThread "Sweeper thread" daemon [_thread_blocked, id=25292, stack(0x000000a58a100000,0x000000a58a200000)]
  0x00000201a815cba0 JavaThread "Common-Cleaner" daemon [_thread_blocked, id=29272, stack(0x000000a58a200000,0x000000a58a300000)]
  0x00000201a815ad40 JavaThread "Notification Thread" daemon [_thread_blocked, id=6068, stack(0x000000a58a300000,0x000000a58a400000)]
  0x00000201a815a830 JavaThread "Daemon health stats" [_thread_blocked, id=21988, stack(0x000000a58ae00000,0x000000a58af00000)]
  0x00000201a815b250 JavaThread "Incoming local TCP Connector on port 57198" [_thread_in_native, id=16376, stack(0x000000a58af00000,0x000000a58b000000)]
  0x00000201a815d5c0 JavaThread "Daemon periodic checks" [_thread_blocked, id=5724, stack(0x000000a58b000000,0x000000a58b100000)]
  0x00000201a815d0b0 JavaThread "Daemon" [_thread_blocked, id=18656, stack(0x000000a58b100000,0x000000a58b200000)]
  0x00000201a8159e10 JavaThread "Handler for socket connection from /127.0.0.1:57198 to /127.0.0.1:57199" [_thread_in_native, id=23316, stack(0x000000a58b200000,0x000000a58b300000)]
  0x00000201a815a320 JavaThread "Cancel handler" [_thread_blocked, id=30976, stack(0x000000a58b300000,0x000000a58b400000)]
  0x00000201a815b760 JavaThread "Daemon worker" [_thread_blocked, id=10576, stack(0x000000a58b400000,0x000000a58b500000)]
  0x00000201a815c180 JavaThread "Asynchronous log dispatcher for DefaultDaemonConnection: socket connection from /127.0.0.1:57198 to /127.0.0.1:57199" [_thread_blocked, id=21480, stack(0x000000a58b500000,0x000000a58b600000)]
  0x00000201a815c690 JavaThread "Stdin handler" [_thread_blocked, id=25112, stack(0x000000a58b600000,0x000000a58b700000)]
  0x00000201a9f586f0 JavaThread "Daemon client event forwarder" [_thread_blocked, id=26212, stack(0x000000a58b700000,0x000000a58b800000)]
  0x00000201a9f572b0 JavaThread "Cache worker for journal cache (C:\Users\duoc.nguyen1\.gradle\caches\journal-1)" [_thread_blocked, id=29016, stack(0x000000a58b800000,0x000000a58b900000)]
  0x00000201a9f55960 JavaThread "File lock request listener" [_thread_in_native, id=8536, stack(0x000000a58b900000,0x000000a58ba00000)]
  0x00000201a9f55e70 JavaThread "Cache worker for file hash cache (C:\Users\duoc.nguyen1\.gradle\caches\8.13\fileHashes)" [_thread_blocked, id=21960, stack(0x000000a58ba00000,0x000000a58bb00000)]
  0x00000201a9f577c0 JavaThread "Cache worker for file hash cache (C:\My Project\e-commerce\backend-microservice\.gradle\8.13\fileHashes)" [_thread_blocked, id=1008, stack(0x000000a58bb00000,0x000000a58bc00000)]
  0x00000201a9f57cd0 JavaThread "Cache worker for Build Output Cleanup Cache (C:\My Project\e-commerce\backend-microservice\.gradle\buildOutputCleanup)" [_thread_blocked, id=9356, stack(0x000000a58bc00000,0x000000a58bd00000)]
  0x00000201a9f56380 JavaThread "File lock release action executor" [_thread_blocked, id=23860, stack(0x000000a58a500000,0x000000a58a600000)]
  0x00000201a9f56890 JavaThread "File watcher server" daemon [_thread_in_native, id=20768, stack(0x000000a589100000,0x000000a589200000)]
  0x00000201a9f581e0 JavaThread "File watcher consumer" daemon [_thread_blocked, id=14332, stack(0x000000a58a600000,0x000000a58a700000)]
  0x00000201a9f54f40 JavaThread "jar transforms" [_thread_blocked, id=23656, stack(0x000000a58c000000,0x000000a58c100000)]
  0x00000201a9f59110 JavaThread "Cache worker for checksums cache (C:\My Project\e-commerce\backend-microservice\.gradle\8.13\checksums)" [_thread_blocked, id=30952, stack(0x000000a58c100000,0x000000a58c200000)]
  0x00000201a9f5a040 JavaThread "Cache worker for file content cache (C:\Users\duoc.nguyen1\.gradle\caches\8.13\fileContent)" [_thread_blocked, id=31304, stack(0x000000a58c200000,0x000000a58c300000)]
  0x00000201a9f59620 JavaThread "Cache worker for cache directory md-supplier (C:\Users\duoc.nguyen1\.gradle\caches\8.13\md-supplier)" [_thread_blocked, id=26612, stack(0x000000a58c400000,0x000000a58c500000)]
  0x00000201a9f5aa60 JavaThread "Cache worker for cache directory md-rule (C:\Users\duoc.nguyen1\.gradle\caches\8.13\md-rule)" [_thread_blocked, id=11920, stack(0x000000a58c500000,0x000000a58c600000)]
  0x00000201a9f5af70 JavaThread "jar transforms Thread 2" [_thread_blocked, id=14580, stack(0x000000a58c300000,0x000000a58c400000)]
  0x00000201a9f5b480 JavaThread "jar transforms Thread 3" [_thread_blocked, id=32248, stack(0x000000a58c600000,0x000000a58c700000)]
  0x00000201a9f58c00 JavaThread "Unconstrained build operations" [_thread_blocked, id=30308, stack(0x000000a58c700000,0x000000a58c800000)]
  0x00000201a9f5bea0 JavaThread "Unconstrained build operations Thread 2" [_thread_blocked, id=22148, stack(0x000000a58c800000,0x000000a58c900000)]
  0x00000201a9f5b990 JavaThread "Unconstrained build operations Thread 3" [_thread_blocked, id=28440, stack(0x000000a58c900000,0x000000a58ca00000)]
  0x00000201a9f5c3b0 JavaThread "Unconstrained build operations Thread 4" [_thread_blocked, id=25328, stack(0x000000a58ca00000,0x000000a58cb00000)]
  0x00000201a9f5c8c0 JavaThread "Unconstrained build operations Thread 5" [_thread_blocked, id=29556, stack(0x000000a58cb00000,0x000000a58cc00000)]
  0x00000201ad04db20 JavaThread "Unconstrained build operations Thread 6" [_thread_blocked, id=18876, stack(0x000000a58cc00000,0x000000a58cd00000)]
  0x00000201ad04c1d0 JavaThread "Unconstrained build operations Thread 7" [_thread_blocked, id=25924, stack(0x000000a58cd00000,0x000000a58ce00000)]
  0x00000201ad04f980 JavaThread "Unconstrained build operations Thread 8" [_thread_blocked, id=28256, stack(0x000000a58ce00000,0x000000a58cf00000)]
  0x00000201ad04e540 JavaThread "Unconstrained build operations Thread 9" [_thread_blocked, id=14964, stack(0x000000a58cf00000,0x000000a58d000000)]
  0x00000201ad04ef60 JavaThread "Unconstrained build operations Thread 10" [_thread_blocked, id=8236, stack(0x000000a58d000000,0x000000a58d100000)]
  0x00000201ad04ea50 JavaThread "Unconstrained build operations Thread 11" [_thread_blocked, id=28032, stack(0x000000a58d100000,0x000000a58d200000)]
  0x00000201ad04d100 JavaThread "Unconstrained build operations Thread 12" [_thread_blocked, id=25852, stack(0x000000a58d200000,0x000000a58d300000)]
  0x00000201ad04f470 JavaThread "Unconstrained build operations Thread 13" [_thread_blocked, id=32636, stack(0x000000a58d300000,0x000000a58d400000)]
  0x00000201ad04e030 JavaThread "Unconstrained build operations Thread 14" [_thread_blocked, id=28024, stack(0x000000a58d400000,0x000000a58d500000)]
  0x00000201ad04fe90 JavaThread "Unconstrained build operations Thread 15" [_thread_blocked, id=28484, stack(0x000000a58d500000,0x000000a58d600000)]
  0x00000201ad04c6e0 JavaThread "Unconstrained build operations Thread 16" [_thread_blocked, id=26160, stack(0x000000a58d600000,0x000000a58d700000)]
  0x00000201ad04d610 JavaThread "Unconstrained build operations Thread 17" [_thread_blocked, id=29220, stack(0x000000a58d700000,0x000000a58d800000)]
  0x00000201ad0503a0 JavaThread "Unconstrained build operations Thread 18" [_thread_blocked, id=32412, stack(0x000000a58d800000,0x000000a58d900000)]
  0x00000201ad04cbf0 JavaThread "Unconstrained build operations Thread 19" [_thread_blocked, id=8812, stack(0x000000a58d900000,0x000000a58da00000)]
  0x00000201ad0508b0 JavaThread "Unconstrained build operations Thread 20" [_thread_blocked, id=29592, stack(0x000000a58da00000,0x000000a58db00000)]
  0x00000201ad050dc0 JavaThread "Unconstrained build operations Thread 21" [_thread_blocked, id=12024, stack(0x000000a58db00000,0x000000a58dc00000)]
  0x00000201ad052c20 JavaThread "Memory manager" [_thread_blocked, id=19164, stack(0x000000a58de00000,0x000000a58df00000)]
  0x00000201ad052710 JavaThread "jar transforms Thread 4" [_thread_blocked, id=17524, stack(0x000000a58dc00000,0x000000a58dd00000)]
  0x00000201ad053640 JavaThread "jar transforms Thread 5" [_thread_blocked, id=12500, stack(0x000000a58dd00000,0x000000a58de00000)]
  0x00000201ad053b50 JavaThread "jar transforms Thread 6" [_thread_blocked, id=1992, stack(0x000000a58df00000,0x000000a58e000000)]
  0x00000201ad0512d0 JavaThread "jar transforms Thread 7" [_thread_blocked, id=29780, stack(0x000000a58e000000,0x000000a58e100000)]
  0x00000201ad051cf0 JavaThread "jar transforms Thread 8" [_thread_blocked, id=1080, stack(0x000000a58e100000,0x000000a58e200000)]
  0x00000201abd5e570 JavaThread "ForkJoinPool.commonPool-worker-1" daemon [_thread_blocked, id=30544, stack(0x000000a588f00000,0x000000a589000000)]
  0x00000201abd603d0 JavaThread "ForkJoinPool.commonPool-worker-2" daemon [_thread_blocked, id=26876, stack(0x000000a589000000,0x000000a589100000)]
  0x00000201abd608e0 JavaThread "ForkJoinPool.commonPool-worker-3" daemon [_thread_blocked, id=30692, stack(0x000000a58e200000,0x000000a58e300000)]
  0x00000201abd5f4a0 JavaThread "ForkJoinPool.commonPool-worker-4" daemon [_thread_blocked, id=22044, stack(0x000000a58e300000,0x000000a58e400000)]
  0x00000201abd5ea80 JavaThread "ForkJoinPool.commonPool-worker-5" daemon [_thread_blocked, id=32204, stack(0x000000a58e400000,0x000000a58e500000)]
  0x00000201abd5f9b0 JavaThread "ForkJoinPool.commonPool-worker-6" daemon [_thread_blocked, id=3248, stack(0x000000a58e500000,0x000000a58e600000)]
  0x00000201abd5e060 JavaThread "ForkJoinPool.commonPool-worker-7" daemon [_thread_blocked, id=13160, stack(0x000000a58e600000,0x000000a58e700000)]
  0x00000201abd5fec0 JavaThread "Exec process" daemon [_thread_blocked, id=9508, stack(0x000000a58e700000,0x000000a58e800000)]
  0x00000201abd60df0 JavaThread "Exec process Thread 2" daemon [_thread_blocked, id=22752, stack(0x000000a58e800000,0x000000a58e900000)]
  0x00000201abd61300 JavaThread "Exec process Thread 3" daemon [_thread_blocked, id=22332, stack(0x000000a58e900000,0x000000a58ea00000)]
  0x00000201abd61d20 JavaThread "Unconstrained build operations Thread 22" [_thread_blocked, id=5412, stack(0x000000a58ea00000,0x000000a58eb00000)]
  0x00000201abd62230 JavaThread "Unconstrained build operations Thread 23" [_thread_blocked, id=10716, stack(0x000000a58ec00000,0x000000a58ed00000)]
  0x00000201abd62740 JavaThread "Unconstrained build operations Thread 24" [_thread_blocked, id=21368, stack(0x000000a58ed00000,0x000000a58ee00000)]
  0x00000201abd5ef90 JavaThread "Unconstrained build operations Thread 25" [_thread_blocked, id=19884, stack(0x000000a58ee00000,0x000000a58ef00000)]
  0x00000201abd63670 JavaThread "Unconstrained build operations Thread 26" [_thread_blocked, id=29184, stack(0x000000a58ef00000,0x000000a58f000000)]
  0x00000201abd63b80 JavaThread "Unconstrained build operations Thread 27" [_thread_blocked, id=25124, stack(0x000000a58f000000,0x000000a58f100000)]
  0x00000201abd63160 JavaThread "Unconstrained build operations Thread 28" [_thread_blocked, id=1920, stack(0x000000a58f100000,0x000000a58f200000)]
  0x00000201abd64fc0 JavaThread "Unconstrained build operations Thread 29" [_thread_blocked, id=28612, stack(0x000000a58f200000,0x000000a58f300000)]
  0x00000201abd64ab0 JavaThread "Unconstrained build operations Thread 30" [_thread_blocked, id=11124, stack(0x000000a58f300000,0x000000a58f400000)]
  0x00000201abd62c50 JavaThread "Unconstrained build operations Thread 31" [_thread_blocked, id=16892, stack(0x000000a58f400000,0x000000a58f500000)]
  0x00000201abd64090 JavaThread "Unconstrained build operations Thread 32" [_thread_blocked, id=27800, stack(0x000000a58f600000,0x000000a58f700000)]
  0x00000201abd645a0 JavaThread "Unconstrained build operations Thread 33" [_thread_blocked, id=2240, stack(0x000000a58f700000,0x000000a58f800000)]
  0x00000201abd654d0 JavaThread "Unconstrained build operations Thread 34" [_thread_blocked, id=20924, stack(0x000000a58f800000,0x000000a58f900000)]
  0x00000201ac756ce0 JavaThread "Unconstrained build operations Thread 35" [_thread_blocked, id=23280, stack(0x000000a58f900000,0x000000a58fa00000)]
  0x00000201ac755db0 JavaThread "Unconstrained build operations Thread 36" [_thread_blocked, id=25432, stack(0x000000a58fa00000,0x000000a58fb00000)]
  0x00000201ac7562c0 JavaThread "Unconstrained build operations Thread 37" [_thread_blocked, id=17448, stack(0x000000a58fb00000,0x000000a58fc00000)]
  0x00000201ac7571f0 JavaThread "Unconstrained build operations Thread 38" [_thread_blocked, id=11700, stack(0x000000a58fc00000,0x000000a58fd00000)]
  0x00000201ac7567d0 JavaThread "Unconstrained build operations Thread 39" [_thread_blocked, id=21752, stack(0x000000a58fd00000,0x000000a58fe00000)]
  0x00000201ac754e80 JavaThread "Unconstrained build operations Thread 40" [_thread_blocked, id=14276, stack(0x000000a58fe00000,0x000000a58ff00000)]
  0x00000201ac757c10 JavaThread "Unconstrained build operations Thread 41" [_thread_blocked, id=22324, stack(0x000000a58ff00000,0x000000a590000000)]
  0x00000201ac754460 JavaThread "Unconstrained build operations Thread 42" [_thread_blocked, id=26144, stack(0x000000a58eb00000,0x000000a58ec00000)]
  0x00000201ac754970 JavaThread "Unconstrained build operations Thread 43" [_thread_blocked, id=31032, stack(0x000000a590000000,0x000000a590100000)]
  0x00000201ac755390 JavaThread "Unconstrained build operations Thread 44" [_thread_blocked, id=4296, stack(0x000000a590100000,0x000000a590200000)]
  0x00000201ac7558a0 JavaThread "Unconstrained build operations Thread 45" [_thread_blocked, id=24676, stack(0x000000a590200000,0x000000a590300000)]
  0x00000201aa5edfe0 JavaThread "Unconstrained build operations Thread 46" [_thread_blocked, id=30384, stack(0x000000a590300000,0x000000a590400000)]
  0x00000201aa5ec180 JavaThread "Unconstrained build operations Thread 47" [_thread_blocked, id=7956, stack(0x000000a590400000,0x000000a590500000)]
  0x00000201aa5ee4f0 JavaThread "Unconstrained build operations Thread 48" [_thread_blocked, id=30944, stack(0x000000a590500000,0x000000a590600000)]
  0x00000201aa5eea00 JavaThread "Unconstrained build operations Thread 49" [_thread_blocked, id=18592, stack(0x000000a590600000,0x000000a590700000)]
  0x00000201aa5eef10 JavaThread "Unconstrained build operations Thread 50" [_thread_blocked, id=8724, stack(0x000000a590700000,0x000000a590800000)]
  0x00000201aa5efe40 JavaThread "Unconstrained build operations Thread 51" [_thread_blocked, id=26168, stack(0x000000a590800000,0x000000a590900000)]
  0x00000201aa5ef420 JavaThread "Unconstrained build operations Thread 52" [_thread_blocked, id=10868, stack(0x000000a590900000,0x000000a590a00000)]
  0x00000201aa5ef930 JavaThread "Unconstrained build operations Thread 53" [_thread_blocked, id=20236, stack(0x000000a590a00000,0x000000a590b00000)]
  0x00000201aa5ecba0 JavaThread "Unconstrained build operations Thread 54" [_thread_blocked, id=32732, stack(0x000000a590b00000,0x000000a590c00000)]
  0x00000201aa5f0350 JavaThread "Unconstrained build operations Thread 55" [_thread_blocked, id=15384, stack(0x000000a590d00000,0x000000a590e00000)]
  0x00000201aa5f0860 JavaThread "Unconstrained build operations Thread 56" [_thread_blocked, id=29868, stack(0x000000a590e00000,0x000000a590f00000)]
  0x00000201aa5ed0b0 JavaThread "Unconstrained build operations Thread 57" [_thread_blocked, id=17780, stack(0x000000a590f00000,0x000000a591000000)]
  0x00000201aa5f0d70 JavaThread "Unconstrained build operations Thread 58" [_thread_blocked, id=14260, stack(0x000000a591000000,0x000000a591100000)]
  0x00000201aa5edad0 JavaThread "Unconstrained build operations Thread 59" [_thread_blocked, id=23484, stack(0x000000a591100000,0x000000a591200000)]
  0x00000201aa5ed5c0 JavaThread "Unconstrained build operations Thread 60" [_thread_blocked, id=23032, stack(0x000000a591200000,0x000000a591300000)]
  0x00000201aa5f1ca0 JavaThread "Unconstrained build operations Thread 61" [_thread_blocked, id=23420, stack(0x000000a591300000,0x000000a591400000)]
  0x00000201aa5f3b00 JavaThread "Unconstrained build operations Thread 62" [_thread_blocked, id=5716, stack(0x000000a591400000,0x000000a591500000)]
  0x00000201aa5f35f0 JavaThread "Unconstrained build operations Thread 63" [_thread_blocked, id=7136, stack(0x000000a591500000,0x000000a591600000)]
  0x00000201aa5f26c0 JavaThread "Unconstrained build operations Thread 64" [_thread_blocked, id=29144, stack(0x000000a591600000,0x000000a591700000)]
  0x00000201aa5f1280 JavaThread "Unconstrained build operations Thread 65" [_thread_blocked, id=3592, stack(0x000000a591700000,0x000000a591800000)]
  0x00000201aa5f1790 JavaThread "Unconstrained build operations Thread 66" [_thread_blocked, id=32336, stack(0x000000a591800000,0x000000a591900000)]
  0x00000201aa5f21b0 JavaThread "Unconstrained build operations Thread 67" [_thread_blocked, id=21304, stack(0x000000a591900000,0x000000a591a00000)]
  0x00000201aa5f2bd0 JavaThread "Unconstrained build operations Thread 68" [_thread_blocked, id=11684, stack(0x000000a591a00000,0x000000a591b00000)]
  0x00000201ad036f90 JavaThread "Unconstrained build operations Thread 69" [_thread_blocked, id=9244, stack(0x000000a591b00000,0x000000a591c00000)]
  0x00000201ad035130 JavaThread "Unconstrained build operations Thread 70" [_thread_blocked, id=27656, stack(0x000000a591c00000,0x000000a591d00000)]
  0x00000201ad035640 JavaThread "Unconstrained build operations Thread 71" [_thread_blocked, id=1592, stack(0x000000a591d00000,0x000000a591e00000)]
  0x00000201ad036570 JavaThread "Unconstrained build operations Thread 72" [_thread_blocked, id=29692, stack(0x000000a591e00000,0x000000a591f00000)]
  0x00000201ad036a80 JavaThread "Unconstrained build operations Thread 73" [_thread_blocked, id=22916, stack(0x000000a591f00000,0x000000a592000000)]
  0x00000201ad035b50 JavaThread "Unconstrained build operations Thread 74" [_thread_blocked, id=19140, stack(0x000000a592000000,0x000000a592100000)]
  0x00000201ad0374a0 JavaThread "Unconstrained build operations Thread 75" [_thread_blocked, id=11460, stack(0x000000a592100000,0x000000a592200000)]
  0x00000201ad036060 JavaThread "Unconstrained build operations Thread 76" [_thread_blocked, id=9900, stack(0x000000a592200000,0x000000a592300000)]
  0x00000201ad034c20 JavaThread "Unconstrained build operations Thread 77" [_thread_blocked, id=30936, stack(0x000000a592300000,0x000000a592400000)]
  0x00000201ad0379b0 JavaThread "Unconstrained build operations Thread 78" [_thread_blocked, id=23836, stack(0x000000a592400000,0x000000a592500000)]
  0x00000201ad034200 JavaThread "Unconstrained build operations Thread 79" [_thread_blocked, id=31352, stack(0x000000a592500000,0x000000a592600000)]
  0x00000201ad037ec0 JavaThread "Unconstrained build operations Thread 80" [_thread_blocked, id=18304, stack(0x000000a592600000,0x000000a592700000)]
  0x00000201ad039300 JavaThread "included builds" [_thread_blocked, id=22196, stack(0x000000a590c00000,0x000000a590d00000)]
  0x00000201ad03a740 JavaThread "Execution worker" [_thread_blocked, id=23904, stack(0x000000a592700000,0x000000a592800000)]
  0x00000201ad03ac50 JavaThread "Execution worker Thread 2" [_thread_blocked, id=32036, stack(0x000000a592800000,0x000000a592900000)]
  0x00000201ad03b160 JavaThread "Execution worker Thread 3" [_thread_blocked, id=19432, stack(0x000000a592900000,0x000000a592a00000)]
  0x00000201ad03b670 JavaThread "Execution worker Thread 4" [_thread_blocked, id=20644, stack(0x000000a592a00000,0x000000a592b00000)]
  0x00000201ad0388e0 JavaThread "Execution worker Thread 5" [_thread_blocked, id=29232, stack(0x000000a592b00000,0x000000a592c00000)]
  0x00000201ad03bb80 JavaThread "Execution worker Thread 6" [_thread_blocked, id=16344, stack(0x000000a592c00000,0x000000a592d00000)]
  0x00000201ad0383d0 JavaThread "Execution worker Thread 7" [_thread_blocked, id=31932, stack(0x000000a592d00000,0x000000a592e00000)]
  0x00000201ad038df0 JavaThread "Cache worker for execution history cache (C:\My Project\e-commerce\backend-microservice\.gradle\8.13\executionHistory)" [_thread_blocked, id=17320, stack(0x000000a592e00000,0x000000a592f00000)]
  0x00000201ad039810 JavaThread "Exec process" [_thread_in_native, id=29428, stack(0x000000a593000000,0x000000a593100000)]
  0x00000201ad039d20 JavaThread "Exec process Thread 2" [_thread_in_native, id=30908, stack(0x000000a593100000,0x000000a593200000)]
  0x00000201ad03a230 JavaThread "Exec process Thread 3" [_thread_in_native, id=5612, stack(0x000000a593200000,0x000000a593300000)]

Other Threads:
  0x00000201fb4465a0 VMThread "VM Thread" [stack: 0x000000a589800000,0x000000a589900000] [id=26884]
  0x00000201a82b34e0 WatcherThread [stack: 0x000000a58a400000,0x000000a58a500000] [id=30416]
  0x00000201ef84a4d0 GCTaskThread "GC Thread#0" [stack: 0x000000a589300000,0x000000a589400000] [id=29104]
  0x00000201a84ccc70 GCTaskThread "GC Thread#1" [stack: 0x000000a58a700000,0x000000a58a800000] [id=22024]
  0x00000201a84ccf40 GCTaskThread "GC Thread#2" [stack: 0x000000a58a800000,0x000000a58a900000] [id=17788]
  0x00000201a84cd210 GCTaskThread "GC Thread#3" [stack: 0x000000a58a900000,0x000000a58aa00000] [id=30992]
  0x00000201a8b1c7c0 GCTaskThread "GC Thread#4" [stack: 0x000000a58aa00000,0x000000a58ab00000] [id=20908]
  0x00000201a8b1ca90 GCTaskThread "GC Thread#5" [stack: 0x000000a58ab00000,0x000000a58ac00000] [id=16800]
  0x00000201a867fb60 GCTaskThread "GC Thread#6" [stack: 0x000000a58bd00000,0x000000a58be00000] [id=4784]
  0x00000201a867ed50 GCTaskThread "GC Thread#7" [stack: 0x000000a58be00000,0x000000a58bf00000] [id=1944]
  0x00000201ef84f340 ConcurrentGCThread "G1 Main Marker" [stack: 0x000000a589400000,0x000000a589500000] [id=7844]
  0x00000201ef850940 ConcurrentGCThread "G1 Conc#0" [stack: 0x000000a589500000,0x000000a589600000] [id=10684]
  0x00000201a867e210 ConcurrentGCThread "G1 Conc#1" [stack: 0x000000a58bf00000,0x000000a58c000000] [id=31696]
  0x00000201ef8be8f0 ConcurrentGCThread "G1 Refine#0" [stack: 0x000000a589600000,0x000000a589700000] [id=19224]
  0x00000201a84cdab0 ConcurrentGCThread "G1 Refine#1" [stack: 0x000000a58ac00000,0x000000a58ad00000] [id=23144]
  0x00000201a8664120 ConcurrentGCThread "G1 Refine#2" [stack: 0x000000a58ad00000,0x000000a58ae00000] [id=17176]
  0x00000201add1bf90 ConcurrentGCThread "G1 Refine#3" [stack: 0x000000a58f500000,0x000000a58f600000] [id=27188]
  0x00000201fb2fd9d0 ConcurrentGCThread "G1 Service" [stack: 0x000000a589700000,0x000000a589800000] [id=29464]

Threads with active compile tasks:
C2 CompilerThread0  204000 11733       4       org.gradle.internal.logging.sink.OutputEventTransformer::onOutput (369 bytes)

VM state: not at safepoint (normal execution)

VM Mutex/Monitor currently owned by a thread: None

Heap address: 0x00000000e0000000, size: 512 MB, Compressed Oops mode: 32-bit

CDS archive(s) mapped at: [0x000002018f000000-0x000002018fbb0000-0x000002018fbb0000), size 12255232, SharedBaseAddress: 0x000002018f000000, ArchiveRelocationMode: 1.
Compressed class space mapped at: 0x0000020190000000-0x00000201a4000000, reserved size: 335544320
Narrow klass base: 0x000002018f000000, Narrow klass shift: 0, Narrow klass range: 0x100000000

GC Precious Log:
 CPUs: 8 total, 8 available
 Memory: 16125M
 Large Page Support: Disabled
 NUMA Support: Disabled
 Compressed Oops: Enabled (32-bit)
 Heap Region Size: 1M
 Heap Min Capacity: 256M
 Heap Initial Capacity: 256M
 Heap Max Capacity: 512M
 Pre-touch: Disabled
 Parallel Workers: 8
 Concurrent Workers: 2
 Concurrent Refinement Workers: 8
 Periodic GC: Disabled

Heap:
 garbage-first heap   total 262144K, used 92904K [0x00000000e0000000, 0x0000000100000000)
  region size 1024K, 29 young (29696K), 5 survivors (5120K)
 Metaspace       used 59461K, committed 60224K, reserved 393216K
  class space    used 8212K, committed 8576K, reserved 327680K

Heap Regions: E=young(eden), S=young(survivor), O=old, HS=humongous(starts), HC=humongous(continues), CS=collection set, F=free, OA=open archive, CA=closed archive, TAMS=top-at-mark-start (previous, next)
|   0|0x00000000e0000000, 0x00000000e0100000, 0x00000000e0100000|100%|HS|  |TAMS 0x00000000e0100000, 0x00000000e0000000| Complete 
|   1|0x00000000e0100000, 0x00000000e0200000, 0x00000000e0200000|100%|HC|  |TAMS 0x00000000e0200000, 0x00000000e0100000| Complete 
|   2|0x00000000e0200000, 0x00000000e0300000, 0x00000000e0300000|100%|HC|  |TAMS 0x00000000e0300000, 0x00000000e0200000| Complete 
|   3|0x00000000e0300000, 0x00000000e0400000, 0x00000000e0400000|100%| O|  |TAMS 0x00000000e0400000, 0x00000000e0300000| Untracked 
|   4|0x00000000e0400000, 0x00000000e0500000, 0x00000000e0500000|100%| O|  |TAMS 0x00000000e0500000, 0x00000000e0400000| Untracked 
|   5|0x00000000e0500000, 0x00000000e0600000, 0x00000000e0600000|100%| O|  |TAMS 0x00000000e0600000, 0x00000000e0500000| Untracked 
|   6|0x00000000e0600000, 0x00000000e0700000, 0x00000000e0700000|100%|HS|  |TAMS 0x00000000e0700000, 0x00000000e0600000| Complete 
|   7|0x00000000e0700000, 0x00000000e0800000, 0x00000000e0800000|100%| O|  |TAMS 0x00000000e0800000, 0x00000000e0700000| Untracked 
|   8|0x00000000e0800000, 0x00000000e0900000, 0x00000000e0900000|100%| O|  |TAMS 0x00000000e0900000, 0x00000000e0800000| Untracked 
|   9|0x00000000e0900000, 0x00000000e0a00000, 0x00000000e0a00000|100%| O|  |TAMS 0x00000000e0a00000, 0x00000000e0900000| Untracked 
|  10|0x00000000e0a00000, 0x00000000e0b00000, 0x00000000e0b00000|100%| O|  |TAMS 0x00000000e0b00000, 0x00000000e0a00000| Untracked 
|  11|0x00000000e0b00000, 0x00000000e0c00000, 0x00000000e0c00000|100%| O|  |TAMS 0x00000000e0c00000, 0x00000000e0b00000| Untracked 
|  12|0x00000000e0c00000, 0x00000000e0d00000, 0x00000000e0d00000|100%| O|  |TAMS 0x00000000e0d00000, 0x00000000e0c00000| Untracked 
|  13|0x00000000e0d00000, 0x00000000e0e00000, 0x00000000e0e00000|100%| O|  |TAMS 0x00000000e0e00000, 0x00000000e0d00000| Untracked 
|  14|0x00000000e0e00000, 0x00000000e0f00000, 0x00000000e0f00000|100%| O|  |TAMS 0x00000000e0f00000, 0x00000000e0e00000| Untracked 
|  15|0x00000000e0f00000, 0x00000000e1000000, 0x00000000e1000000|100%| O|  |TAMS 0x00000000e1000000, 0x00000000e0f00000| Untracked 
|  16|0x00000000e1000000, 0x00000000e1100000, 0x00000000e1100000|100%| O|  |TAMS 0x00000000e1100000, 0x00000000e1000000| Untracked 
|  17|0x00000000e1100000, 0x00000000e1200000, 0x00000000e1200000|100%| O|  |TAMS 0x00000000e1200000, 0x00000000e1100000| Untracked 
|  18|0x00000000e1200000, 0x00000000e1300000, 0x00000000e1300000|100%| O|  |TAMS 0x00000000e1300000, 0x00000000e1200000| Untracked 
|  19|0x00000000e1300000, 0x00000000e1400000, 0x00000000e1400000|100%| O|  |TAMS 0x00000000e1400000, 0x00000000e1300000| Untracked 
|  20|0x00000000e1400000, 0x00000000e1500000, 0x00000000e1500000|100%| O|  |TAMS 0x00000000e1500000, 0x00000000e1400000| Untracked 
|  21|0x00000000e1500000, 0x00000000e1600000, 0x00000000e1600000|100%| O|  |TAMS 0x00000000e1600000, 0x00000000e1500000| Untracked 
|  22|0x00000000e1600000, 0x00000000e1700000, 0x00000000e1700000|100%| O|  |TAMS 0x00000000e1700000, 0x00000000e1600000| Untracked 
|  23|0x00000000e1700000, 0x00000000e1800000, 0x00000000e1800000|100%| O|  |TAMS 0x00000000e1800000, 0x00000000e1700000| Untracked 
|  24|0x00000000e1800000, 0x00000000e1900000, 0x00000000e1900000|100%| O|  |TAMS 0x00000000e1900000, 0x00000000e1800000| Untracked 
|  25|0x00000000e1900000, 0x00000000e1a00000, 0x00000000e1a00000|100%| O|  |TAMS 0x00000000e1a00000, 0x00000000e1900000| Untracked 
|  26|0x00000000e1a00000, 0x00000000e1b00000, 0x00000000e1b00000|100%| O|  |TAMS 0x00000000e1b00000, 0x00000000e1a00000| Untracked 
|  27|0x00000000e1b00000, 0x00000000e1c00000, 0x00000000e1c00000|100%| O|  |TAMS 0x00000000e1c00000, 0x00000000e1b00000| Untracked 
|  28|0x00000000e1c00000, 0x00000000e1d00000, 0x00000000e1d00000|100%| O|  |TAMS 0x00000000e1d00000, 0x00000000e1c00000| Untracked 
|  29|0x00000000e1d00000, 0x00000000e1e00000, 0x00000000e1e00000|100%| O|  |TAMS 0x00000000e1e00000, 0x00000000e1d00000| Untracked 
|  30|0x00000000e1e00000, 0x00000000e1f00000, 0x00000000e1f00000|100%| O|  |TAMS 0x00000000e1f00000, 0x00000000e1e00000| Untracked 
|  31|0x00000000e1f00000, 0x00000000e2000000, 0x00000000e2000000|100%| O|  |TAMS 0x00000000e2000000, 0x00000000e1f00000| Untracked 
|  32|0x00000000e2000000, 0x00000000e2100000, 0x00000000e2100000|100%| O|  |TAMS 0x00000000e2100000, 0x00000000e2000000| Untracked 
|  33|0x00000000e2100000, 0x00000000e2200000, 0x00000000e2200000|100%| O|  |TAMS 0x00000000e2200000, 0x00000000e2100000| Untracked 
|  34|0x00000000e2200000, 0x00000000e2300000, 0x00000000e2300000|100%| O|  |TAMS 0x00000000e2300000, 0x00000000e2200000| Untracked 
|  35|0x00000000e2300000, 0x00000000e2400000, 0x00000000e2400000|100%| O|  |TAMS 0x00000000e2400000, 0x00000000e2300000| Untracked 
|  36|0x00000000e2400000, 0x00000000e2500000, 0x00000000e2500000|100%| O|  |TAMS 0x00000000e2500000, 0x00000000e2400000| Untracked 
|  37|0x00000000e2500000, 0x00000000e2600000, 0x00000000e2600000|100%| O|  |TAMS 0x00000000e2600000, 0x00000000e2500000| Untracked 
|  38|0x00000000e2600000, 0x00000000e2700000, 0x00000000e2700000|100%| O|  |TAMS 0x00000000e2700000, 0x00000000e2600000| Untracked 
|  39|0x00000000e2700000, 0x00000000e2800000, 0x00000000e2800000|100%| O|  |TAMS 0x00000000e2800000, 0x00000000e2700000| Untracked 
|  40|0x00000000e2800000, 0x00000000e2900000, 0x00000000e2900000|100%| O|  |TAMS 0x00000000e2900000, 0x00000000e2800000| Untracked 
|  41|0x00000000e2900000, 0x00000000e2a00000, 0x00000000e2a00000|100%| O|  |TAMS 0x00000000e2a00000, 0x00000000e2900000| Untracked 
|  42|0x00000000e2a00000, 0x00000000e2b00000, 0x00000000e2b00000|100%| O|  |TAMS 0x00000000e2b00000, 0x00000000e2a00000| Untracked 
|  43|0x00000000e2b00000, 0x00000000e2c00000, 0x00000000e2c00000|100%| O|  |TAMS 0x00000000e2c00000, 0x00000000e2b00000| Untracked 
|  44|0x00000000e2c00000, 0x00000000e2d00000, 0x00000000e2d00000|100%| O|  |TAMS 0x00000000e2d00000, 0x00000000e2c00000| Untracked 
|  45|0x00000000e2d00000, 0x00000000e2e00000, 0x00000000e2e00000|100%| O|  |TAMS 0x00000000e2e00000, 0x00000000e2d00000| Untracked 
|  46|0x00000000e2e00000, 0x00000000e2f00000, 0x00000000e2f00000|100%| O|  |TAMS 0x00000000e2f00000, 0x00000000e2e00000| Untracked 
|  47|0x00000000e2f00000, 0x00000000e3000000, 0x00000000e3000000|100%| O|  |TAMS 0x00000000e3000000, 0x00000000e2f00000| Untracked 
|  48|0x00000000e3000000, 0x00000000e3100000, 0x00000000e3100000|100%| O|  |TAMS 0x00000000e3100000, 0x00000000e3000000| Untracked 
|  49|0x00000000e3100000, 0x00000000e3200000, 0x00000000e3200000|100%| O|  |TAMS 0x00000000e3200000, 0x00000000e3100000| Untracked 
|  50|0x00000000e3200000, 0x00000000e3300000, 0x00000000e3300000|100%| O|  |TAMS 0x00000000e3286400, 0x00000000e3200000| Untracked 
|  51|0x00000000e3300000, 0x00000000e3400000, 0x00000000e3400000|100%|HS|  |TAMS 0x00000000e3300000, 0x00000000e3300000| Complete 
|  52|0x00000000e3400000, 0x00000000e3500000, 0x00000000e3500000|100%|HS|  |TAMS 0x00000000e3400000, 0x00000000e3400000| Complete 
|  53|0x00000000e3500000, 0x00000000e3600000, 0x00000000e3600000|100%| O|  |TAMS 0x00000000e3500000, 0x00000000e3500000| Untracked 
|  54|0x00000000e3600000, 0x00000000e3700000, 0x00000000e3700000|100%| O|  |TAMS 0x00000000e3600000, 0x00000000e3600000| Untracked 
|  55|0x00000000e3700000, 0x00000000e3800000, 0x00000000e3800000|100%| O|  |TAMS 0x00000000e3700000, 0x00000000e3700000| Untracked 
|  56|0x00000000e3800000, 0x00000000e3900000, 0x00000000e3900000|100%| O|  |TAMS 0x00000000e3800000, 0x00000000e3800000| Untracked 
|  57|0x00000000e3900000, 0x00000000e3a00000, 0x00000000e3a00000|100%| O|  |TAMS 0x00000000e3900000, 0x00000000e3900000| Untracked 
|  58|0x00000000e3a00000, 0x00000000e3b00000, 0x00000000e3b00000|100%| O|  |TAMS 0x00000000e3a00000, 0x00000000e3a00000| Untracked 
|  59|0x00000000e3b00000, 0x00000000e3c00000, 0x00000000e3c00000|100%| O|  |TAMS 0x00000000e3b00000, 0x00000000e3b00000| Untracked 
|  60|0x00000000e3c00000, 0x00000000e3d00000, 0x00000000e3d00000|100%| O|  |TAMS 0x00000000e3c00000, 0x00000000e3c00000| Untracked 
|  61|0x00000000e3d00000, 0x00000000e3e00000, 0x00000000e3e00000|100%| O|  |TAMS 0x00000000e3d00000, 0x00000000e3d00000| Untracked 
|  62|0x00000000e3e00000, 0x00000000e3f00000, 0x00000000e3f00000|100%|HS|  |TAMS 0x00000000e3e00000, 0x00000000e3e00000| Complete 
|  63|0x00000000e3f00000, 0x00000000e4000000, 0x00000000e4000000|100%|HS|  |TAMS 0x00000000e3f00000, 0x00000000e3f00000| Complete 
|  64|0x00000000e4000000, 0x00000000e4000000, 0x00000000e4100000|  0%| F|  |TAMS 0x00000000e4000000, 0x00000000e4000000| Untracked 
|  65|0x00000000e4100000, 0x00000000e4100000, 0x00000000e4200000|  0%| F|  |TAMS 0x00000000e4100000, 0x00000000e4100000| Untracked 
|  66|0x00000000e4200000, 0x00000000e4200000, 0x00000000e4300000|  0%| F|  |TAMS 0x00000000e4200000, 0x00000000e4200000| Untracked 
|  67|0x00000000e4300000, 0x00000000e4300000, 0x00000000e4400000|  0%| F|  |TAMS 0x00000000e4300000, 0x00000000e4300000| Untracked 
|  68|0x00000000e4400000, 0x00000000e4400000, 0x00000000e4500000|  0%| F|  |TAMS 0x00000000e4400000, 0x00000000e4400000| Untracked 
|  69|0x00000000e4500000, 0x00000000e4500000, 0x00000000e4600000|  0%| F|  |TAMS 0x00000000e4500000, 0x00000000e4500000| Untracked 
|  70|0x00000000e4600000, 0x00000000e4600000, 0x00000000e4700000|  0%| F|  |TAMS 0x00000000e4600000, 0x00000000e4600000| Untracked 
|  71|0x00000000e4700000, 0x00000000e4700000, 0x00000000e4800000|  0%| F|  |TAMS 0x00000000e4700000, 0x00000000e4700000| Untracked 
|  72|0x00000000e4800000, 0x00000000e4800000, 0x00000000e4900000|  0%| F|  |TAMS 0x00000000e4800000, 0x00000000e4800000| Untracked 
|  73|0x00000000e4900000, 0x00000000e4900000, 0x00000000e4a00000|  0%| F|  |TAMS 0x00000000e4900000, 0x00000000e4900000| Untracked 
|  74|0x00000000e4a00000, 0x00000000e4a00000, 0x00000000e4b00000|  0%| F|  |TAMS 0x00000000e4a00000, 0x00000000e4a00000| Untracked 
|  75|0x00000000e4b00000, 0x00000000e4b00000, 0x00000000e4c00000|  0%| F|  |TAMS 0x00000000e4b00000, 0x00000000e4b00000| Untracked 
|  76|0x00000000e4c00000, 0x00000000e4c00000, 0x00000000e4d00000|  0%| F|  |TAMS 0x00000000e4c00000, 0x00000000e4c00000| Untracked 
|  77|0x00000000e4d00000, 0x00000000e4d00000, 0x00000000e4e00000|  0%| F|  |TAMS 0x00000000e4d00000, 0x00000000e4d00000| Untracked 
|  78|0x00000000e4e00000, 0x00000000e4e00000, 0x00000000e4f00000|  0%| F|  |TAMS 0x00000000e4e00000, 0x00000000e4e00000| Untracked 
|  79|0x00000000e4f00000, 0x00000000e4f00000, 0x00000000e5000000|  0%| F|  |TAMS 0x00000000e4f00000, 0x00000000e4f00000| Untracked 
|  80|0x00000000e5000000, 0x00000000e5000000, 0x00000000e5100000|  0%| F|  |TAMS 0x00000000e5000000, 0x00000000e5000000| Untracked 
|  81|0x00000000e5100000, 0x00000000e5100000, 0x00000000e5200000|  0%| F|  |TAMS 0x00000000e5100000, 0x00000000e5100000| Untracked 
|  82|0x00000000e5200000, 0x00000000e5200000, 0x00000000e5300000|  0%| F|  |TAMS 0x00000000e5200000, 0x00000000e5200000| Untracked 
|  83|0x00000000e5300000, 0x00000000e5300000, 0x00000000e5400000|  0%| F|  |TAMS 0x00000000e5300000, 0x00000000e5300000| Untracked 
|  84|0x00000000e5400000, 0x00000000e5400000, 0x00000000e5500000|  0%| F|  |TAMS 0x00000000e5400000, 0x00000000e5400000| Untracked 
|  85|0x00000000e5500000, 0x00000000e5500000, 0x00000000e5600000|  0%| F|  |TAMS 0x00000000e5500000, 0x00000000e5500000| Untracked 
|  86|0x00000000e5600000, 0x00000000e5600000, 0x00000000e5700000|  0%| F|  |TAMS 0x00000000e5600000, 0x00000000e5600000| Untracked 
|  87|0x00000000e5700000, 0x00000000e5700000, 0x00000000e5800000|  0%| F|  |TAMS 0x00000000e5700000, 0x00000000e5700000| Untracked 
|  88|0x00000000e5800000, 0x00000000e5800000, 0x00000000e5900000|  0%| F|  |TAMS 0x00000000e5800000, 0x00000000e5800000| Untracked 
|  89|0x00000000e5900000, 0x00000000e5900000, 0x00000000e5a00000|  0%| F|  |TAMS 0x00000000e5900000, 0x00000000e5900000| Untracked 
|  90|0x00000000e5a00000, 0x00000000e5a00000, 0x00000000e5b00000|  0%| F|  |TAMS 0x00000000e5a00000, 0x00000000e5a00000| Untracked 
|  91|0x00000000e5b00000, 0x00000000e5b00000, 0x00000000e5c00000|  0%| F|  |TAMS 0x00000000e5b00000, 0x00000000e5b00000| Untracked 
|  92|0x00000000e5c00000, 0x00000000e5c00000, 0x00000000e5d00000|  0%| F|  |TAMS 0x00000000e5c00000, 0x00000000e5c00000| Untracked 
|  93|0x00000000e5d00000, 0x00000000e5d00000, 0x00000000e5e00000|  0%| F|  |TAMS 0x00000000e5d00000, 0x00000000e5d00000| Untracked 
|  94|0x00000000e5e00000, 0x00000000e5e00000, 0x00000000e5f00000|  0%| F|  |TAMS 0x00000000e5e00000, 0x00000000e5e00000| Untracked 
|  95|0x00000000e5f00000, 0x00000000e5f00000, 0x00000000e6000000|  0%| F|  |TAMS 0x00000000e5f00000, 0x00000000e5f00000| Untracked 
|  96|0x00000000e6000000, 0x00000000e6000000, 0x00000000e6100000|  0%| F|  |TAMS 0x00000000e6000000, 0x00000000e6000000| Untracked 
|  97|0x00000000e6100000, 0x00000000e6100000, 0x00000000e6200000|  0%| F|  |TAMS 0x00000000e6100000, 0x00000000e6100000| Untracked 
|  98|0x00000000e6200000, 0x00000000e6200000, 0x00000000e6300000|  0%| F|  |TAMS 0x00000000e6200000, 0x00000000e6200000| Untracked 
|  99|0x00000000e6300000, 0x00000000e6300000, 0x00000000e6400000|  0%| F|  |TAMS 0x00000000e6300000, 0x00000000e6300000| Untracked 
| 100|0x00000000e6400000, 0x00000000e6400000, 0x00000000e6500000|  0%| F|  |TAMS 0x00000000e6400000, 0x00000000e6400000| Untracked 
| 101|0x00000000e6500000, 0x00000000e6500000, 0x00000000e6600000|  0%| F|  |TAMS 0x00000000e6500000, 0x00000000e6500000| Untracked 
| 102|0x00000000e6600000, 0x00000000e6600000, 0x00000000e6700000|  0%| F|  |TAMS 0x00000000e6600000, 0x00000000e6600000| Untracked 
| 103|0x00000000e6700000, 0x00000000e6700000, 0x00000000e6800000|  0%| F|  |TAMS 0x00000000e6700000, 0x00000000e6700000| Untracked 
| 104|0x00000000e6800000, 0x00000000e6800000, 0x00000000e6900000|  0%| F|  |TAMS 0x00000000e6800000, 0x00000000e6800000| Untracked 
| 105|0x00000000e6900000, 0x00000000e6900000, 0x00000000e6a00000|  0%| F|  |TAMS 0x00000000e6900000, 0x00000000e6900000| Untracked 
| 106|0x00000000e6a00000, 0x00000000e6a00000, 0x00000000e6b00000|  0%| F|  |TAMS 0x00000000e6a00000, 0x00000000e6a00000| Untracked 
| 107|0x00000000e6b00000, 0x00000000e6b00000, 0x00000000e6c00000|  0%| F|  |TAMS 0x00000000e6b00000, 0x00000000e6b00000| Untracked 
| 108|0x00000000e6c00000, 0x00000000e6c00000, 0x00000000e6d00000|  0%| F|  |TAMS 0x00000000e6c00000, 0x00000000e6c00000| Untracked 
| 109|0x00000000e6d00000, 0x00000000e6d00000, 0x00000000e6e00000|  0%| F|  |TAMS 0x00000000e6d00000, 0x00000000e6d00000| Untracked 
| 110|0x00000000e6e00000, 0x00000000e6e00000, 0x00000000e6f00000|  0%| F|  |TAMS 0x00000000e6e00000, 0x00000000e6e00000| Untracked 
| 111|0x00000000e6f00000, 0x00000000e6f00000, 0x00000000e7000000|  0%| F|  |TAMS 0x00000000e6f00000, 0x00000000e6f00000| Untracked 
| 112|0x00000000e7000000, 0x00000000e7000000, 0x00000000e7100000|  0%| F|  |TAMS 0x00000000e7000000, 0x00000000e7000000| Untracked 
| 113|0x00000000e7100000, 0x00000000e7100000, 0x00000000e7200000|  0%| F|  |TAMS 0x00000000e7100000, 0x00000000e7100000| Untracked 
| 114|0x00000000e7200000, 0x00000000e7200000, 0x00000000e7300000|  0%| F|  |TAMS 0x00000000e7200000, 0x00000000e7200000| Untracked 
| 115|0x00000000e7300000, 0x00000000e7300000, 0x00000000e7400000|  0%| F|  |TAMS 0x00000000e7300000, 0x00000000e7300000| Untracked 
| 116|0x00000000e7400000, 0x00000000e7400000, 0x00000000e7500000|  0%| F|  |TAMS 0x00000000e7400000, 0x00000000e7400000| Untracked 
| 117|0x00000000e7500000, 0x00000000e7500000, 0x00000000e7600000|  0%| F|  |TAMS 0x00000000e7500000, 0x00000000e7500000| Untracked 
| 118|0x00000000e7600000, 0x00000000e7600000, 0x00000000e7700000|  0%| F|  |TAMS 0x00000000e7600000, 0x00000000e7600000| Untracked 
| 119|0x00000000e7700000, 0x00000000e7700000, 0x00000000e7800000|  0%| F|  |TAMS 0x00000000e7700000, 0x00000000e7700000| Untracked 
| 120|0x00000000e7800000, 0x00000000e7800000, 0x00000000e7900000|  0%| F|  |TAMS 0x00000000e7800000, 0x00000000e7800000| Untracked 
| 121|0x00000000e7900000, 0x00000000e7900000, 0x00000000e7a00000|  0%| F|  |TAMS 0x00000000e7900000, 0x00000000e7900000| Untracked 
| 122|0x00000000e7a00000, 0x00000000e7a00000, 0x00000000e7b00000|  0%| F|  |TAMS 0x00000000e7a00000, 0x00000000e7a00000| Untracked 
| 123|0x00000000e7b00000, 0x00000000e7b00000, 0x00000000e7c00000|  0%| F|  |TAMS 0x00000000e7b00000, 0x00000000e7b00000| Untracked 
| 124|0x00000000e7c00000, 0x00000000e7c00000, 0x00000000e7d00000|  0%| F|  |TAMS 0x00000000e7c00000, 0x00000000e7c00000| Untracked 
| 125|0x00000000e7d00000, 0x00000000e7d00000, 0x00000000e7e00000|  0%| F|  |TAMS 0x00000000e7d00000, 0x00000000e7d00000| Untracked 
| 126|0x00000000e7e00000, 0x00000000e7e00000, 0x00000000e7f00000|  0%| F|  |TAMS 0x00000000e7e00000, 0x00000000e7e00000| Untracked 
| 127|0x00000000e7f00000, 0x00000000e7f00000, 0x00000000e8000000|  0%| F|  |TAMS 0x00000000e7f00000, 0x00000000e7f00000| Untracked 
| 128|0x00000000e8000000, 0x00000000e8000000, 0x00000000e8100000|  0%| F|  |TAMS 0x00000000e8000000, 0x00000000e8000000| Untracked 
| 129|0x00000000e8100000, 0x00000000e8100000, 0x00000000e8200000|  0%| F|  |TAMS 0x00000000e8100000, 0x00000000e8100000| Untracked 
| 130|0x00000000e8200000, 0x00000000e8200000, 0x00000000e8300000|  0%| F|  |TAMS 0x00000000e8200000, 0x00000000e8200000| Untracked 
| 131|0x00000000e8300000, 0x00000000e8300000, 0x00000000e8400000|  0%| F|  |TAMS 0x00000000e8300000, 0x00000000e8300000| Untracked 
| 132|0x00000000e8400000, 0x00000000e8400000, 0x00000000e8500000|  0%| F|  |TAMS 0x00000000e8400000, 0x00000000e8400000| Untracked 
| 133|0x00000000e8500000, 0x00000000e8500000, 0x00000000e8600000|  0%| F|  |TAMS 0x00000000e8500000, 0x00000000e8500000| Untracked 
| 134|0x00000000e8600000, 0x00000000e8600000, 0x00000000e8700000|  0%| F|  |TAMS 0x00000000e8600000, 0x00000000e8600000| Untracked 
| 135|0x00000000e8700000, 0x00000000e8700000, 0x00000000e8800000|  0%| F|  |TAMS 0x00000000e8700000, 0x00000000e8700000| Untracked 
| 136|0x00000000e8800000, 0x00000000e88ba320, 0x00000000e8900000| 72%| S|CS|TAMS 0x00000000e8800000, 0x00000000e8800000| Complete 
| 137|0x00000000e8900000, 0x00000000e8a00000, 0x00000000e8a00000|100%| S|CS|TAMS 0x00000000e8900000, 0x00000000e8900000| Complete 
| 138|0x00000000e8a00000, 0x00000000e8b00000, 0x00000000e8b00000|100%| S|CS|TAMS 0x00000000e8a00000, 0x00000000e8a00000| Complete 
| 139|0x00000000e8b00000, 0x00000000e8c00000, 0x00000000e8c00000|100%| S|CS|TAMS 0x00000000e8b00000, 0x00000000e8b00000| Complete 
| 140|0x00000000e8c00000, 0x00000000e8d00000, 0x00000000e8d00000|100%| S|CS|TAMS 0x00000000e8c00000, 0x00000000e8c00000| Complete 
| 141|0x00000000e8d00000, 0x00000000e8d00000, 0x00000000e8e00000|  0%| F|  |TAMS 0x00000000e8d00000, 0x00000000e8d00000| Untracked 
| 142|0x00000000e8e00000, 0x00000000e8e00000, 0x00000000e8f00000|  0%| F|  |TAMS 0x00000000e8e00000, 0x00000000e8e00000| Untracked 
| 143|0x00000000e8f00000, 0x00000000e8f00000, 0x00000000e9000000|  0%| F|  |TAMS 0x00000000e8f00000, 0x00000000e8f00000| Untracked 
| 144|0x00000000e9000000, 0x00000000e9000000, 0x00000000e9100000|  0%| F|  |TAMS 0x00000000e9000000, 0x00000000e9000000| Untracked 
| 145|0x00000000e9100000, 0x00000000e9100000, 0x00000000e9200000|  0%| F|  |TAMS 0x00000000e9100000, 0x00000000e9100000| Untracked 
| 146|0x00000000e9200000, 0x00000000e9200000, 0x00000000e9300000|  0%| F|  |TAMS 0x00000000e9200000, 0x00000000e9200000| Untracked 
| 147|0x00000000e9300000, 0x00000000e9300000, 0x00000000e9400000|  0%| F|  |TAMS 0x00000000e9300000, 0x00000000e9300000| Untracked 
| 148|0x00000000e9400000, 0x00000000e9400000, 0x00000000e9500000|  0%| F|  |TAMS 0x00000000e9400000, 0x00000000e9400000| Untracked 
| 149|0x00000000e9500000, 0x00000000e9500000, 0x00000000e9600000|  0%| F|  |TAMS 0x00000000e9500000, 0x00000000e9500000| Untracked 
| 150|0x00000000e9600000, 0x00000000e9600000, 0x00000000e9700000|  0%| F|  |TAMS 0x00000000e9600000, 0x00000000e9600000| Untracked 
| 151|0x00000000e9700000, 0x00000000e9700000, 0x00000000e9800000|  0%| F|  |TAMS 0x00000000e9700000, 0x00000000e9700000| Untracked 
| 152|0x00000000e9800000, 0x00000000e9800000, 0x00000000e9900000|  0%| F|  |TAMS 0x00000000e9800000, 0x00000000e9800000| Untracked 
| 153|0x00000000e9900000, 0x00000000e9900000, 0x00000000e9a00000|  0%| F|  |TAMS 0x00000000e9900000, 0x00000000e9900000| Untracked 
| 154|0x00000000e9a00000, 0x00000000e9a00000, 0x00000000e9b00000|  0%| F|  |TAMS 0x00000000e9a00000, 0x00000000e9a00000| Untracked 
| 155|0x00000000e9b00000, 0x00000000e9b00000, 0x00000000e9c00000|  0%| F|  |TAMS 0x00000000e9b00000, 0x00000000e9b00000| Untracked 
| 156|0x00000000e9c00000, 0x00000000e9c00000, 0x00000000e9d00000|  0%| F|  |TAMS 0x00000000e9c00000, 0x00000000e9c00000| Untracked 
| 157|0x00000000e9d00000, 0x00000000e9d00000, 0x00000000e9e00000|  0%| F|  |TAMS 0x00000000e9d00000, 0x00000000e9d00000| Untracked 
| 158|0x00000000e9e00000, 0x00000000e9e00000, 0x00000000e9f00000|  0%| F|  |TAMS 0x00000000e9e00000, 0x00000000e9e00000| Untracked 
| 159|0x00000000e9f00000, 0x00000000e9f00000, 0x00000000ea000000|  0%| F|  |TAMS 0x00000000e9f00000, 0x00000000e9f00000| Untracked 
| 160|0x00000000ea000000, 0x00000000ea000000, 0x00000000ea100000|  0%| F|  |TAMS 0x00000000ea000000, 0x00000000ea000000| Untracked 
| 161|0x00000000ea100000, 0x00000000ea100000, 0x00000000ea200000|  0%| F|  |TAMS 0x00000000ea100000, 0x00000000ea100000| Untracked 
| 162|0x00000000ea200000, 0x00000000ea200000, 0x00000000ea300000|  0%| F|  |TAMS 0x00000000ea200000, 0x00000000ea200000| Untracked 
| 163|0x00000000ea300000, 0x00000000ea300000, 0x00000000ea400000|  0%| F|  |TAMS 0x00000000ea300000, 0x00000000ea300000| Untracked 
| 164|0x00000000ea400000, 0x00000000ea400000, 0x00000000ea500000|  0%| F|  |TAMS 0x00000000ea400000, 0x00000000ea400000| Untracked 
| 165|0x00000000ea500000, 0x00000000ea500000, 0x00000000ea600000|  0%| F|  |TAMS 0x00000000ea500000, 0x00000000ea500000| Untracked 
| 166|0x00000000ea600000, 0x00000000ea600000, 0x00000000ea700000|  0%| F|  |TAMS 0x00000000ea600000, 0x00000000ea600000| Untracked 
| 167|0x00000000ea700000, 0x00000000ea700000, 0x00000000ea800000|  0%| F|  |TAMS 0x00000000ea700000, 0x00000000ea700000| Untracked 
| 168|0x00000000ea800000, 0x00000000ea800000, 0x00000000ea900000|  0%| F|  |TAMS 0x00000000ea800000, 0x00000000ea800000| Untracked 
| 169|0x00000000ea900000, 0x00000000ea900000, 0x00000000eaa00000|  0%| F|  |TAMS 0x00000000ea900000, 0x00000000ea900000| Untracked 
| 170|0x00000000eaa00000, 0x00000000eaa00000, 0x00000000eab00000|  0%| F|  |TAMS 0x00000000eaa00000, 0x00000000eaa00000| Untracked 
| 171|0x00000000eab00000, 0x00000000eab00000, 0x00000000eac00000|  0%| F|  |TAMS 0x00000000eab00000, 0x00000000eab00000| Untracked 
| 172|0x00000000eac00000, 0x00000000eac00000, 0x00000000ead00000|  0%| F|  |TAMS 0x00000000eac00000, 0x00000000eac00000| Untracked 
| 173|0x00000000ead00000, 0x00000000ead00000, 0x00000000eae00000|  0%| F|  |TAMS 0x00000000ead00000, 0x00000000ead00000| Untracked 
| 174|0x00000000eae00000, 0x00000000eae00000, 0x00000000eaf00000|  0%| F|  |TAMS 0x00000000eae00000, 0x00000000eae00000| Untracked 
| 175|0x00000000eaf00000, 0x00000000eaf00000, 0x00000000eb000000|  0%| F|  |TAMS 0x00000000eaf00000, 0x00000000eaf00000| Untracked 
| 176|0x00000000eb000000, 0x00000000eb000000, 0x00000000eb100000|  0%| F|  |TAMS 0x00000000eb000000, 0x00000000eb000000| Untracked 
| 177|0x00000000eb100000, 0x00000000eb100000, 0x00000000eb200000|  0%| F|  |TAMS 0x00000000eb100000, 0x00000000eb100000| Untracked 
| 178|0x00000000eb200000, 0x00000000eb200000, 0x00000000eb300000|  0%| F|  |TAMS 0x00000000eb200000, 0x00000000eb200000| Untracked 
| 179|0x00000000eb300000, 0x00000000eb300000, 0x00000000eb400000|  0%| F|  |TAMS 0x00000000eb300000, 0x00000000eb300000| Untracked 
| 180|0x00000000eb400000, 0x00000000eb400000, 0x00000000eb500000|  0%| F|  |TAMS 0x00000000eb400000, 0x00000000eb400000| Untracked 
| 181|0x00000000eb500000, 0x00000000eb500000, 0x00000000eb600000|  0%| F|  |TAMS 0x00000000eb500000, 0x00000000eb500000| Untracked 
| 182|0x00000000eb600000, 0x00000000eb600000, 0x00000000eb700000|  0%| F|  |TAMS 0x00000000eb600000, 0x00000000eb600000| Untracked 
| 183|0x00000000eb700000, 0x00000000eb700000, 0x00000000eb800000|  0%| F|  |TAMS 0x00000000eb700000, 0x00000000eb700000| Untracked 
| 184|0x00000000eb800000, 0x00000000eb800000, 0x00000000eb900000|  0%| F|  |TAMS 0x00000000eb800000, 0x00000000eb800000| Untracked 
| 185|0x00000000eb900000, 0x00000000eb900000, 0x00000000eba00000|  0%| F|  |TAMS 0x00000000eb900000, 0x00000000eb900000| Untracked 
| 186|0x00000000eba00000, 0x00000000eba00000, 0x00000000ebb00000|  0%| F|  |TAMS 0x00000000eba00000, 0x00000000eba00000| Untracked 
| 187|0x00000000ebb00000, 0x00000000ebb00000, 0x00000000ebc00000|  0%| F|  |TAMS 0x00000000ebb00000, 0x00000000ebb00000| Untracked 
| 188|0x00000000ebc00000, 0x00000000ebc00000, 0x00000000ebd00000|  0%| F|  |TAMS 0x00000000ebc00000, 0x00000000ebc00000| Untracked 
| 189|0x00000000ebd00000, 0x00000000ebd00000, 0x00000000ebe00000|  0%| F|  |TAMS 0x00000000ebd00000, 0x00000000ebd00000| Untracked 
| 190|0x00000000ebe00000, 0x00000000ebe00000, 0x00000000ebf00000|  0%| F|  |TAMS 0x00000000ebe00000, 0x00000000ebe00000| Untracked 
| 191|0x00000000ebf00000, 0x00000000ebf00000, 0x00000000ec000000|  0%| F|  |TAMS 0x00000000ebf00000, 0x00000000ebf00000| Untracked 
| 192|0x00000000ec000000, 0x00000000ec000000, 0x00000000ec100000|  0%| F|  |TAMS 0x00000000ec000000, 0x00000000ec000000| Untracked 
| 193|0x00000000ec100000, 0x00000000ec100000, 0x00000000ec200000|  0%| F|  |TAMS 0x00000000ec100000, 0x00000000ec100000| Untracked 
| 194|0x00000000ec200000, 0x00000000ec200000, 0x00000000ec300000|  0%| F|  |TAMS 0x00000000ec200000, 0x00000000ec200000| Untracked 
| 195|0x00000000ec300000, 0x00000000ec300000, 0x00000000ec400000|  0%| F|  |TAMS 0x00000000ec300000, 0x00000000ec300000| Untracked 
| 196|0x00000000ec400000, 0x00000000ec400000, 0x00000000ec500000|  0%| F|  |TAMS 0x00000000ec400000, 0x00000000ec400000| Untracked 
| 197|0x00000000ec500000, 0x00000000ec500000, 0x00000000ec600000|  0%| F|  |TAMS 0x00000000ec500000, 0x00000000ec500000| Untracked 
| 198|0x00000000ec600000, 0x00000000ec600000, 0x00000000ec700000|  0%| F|  |TAMS 0x00000000ec600000, 0x00000000ec600000| Untracked 
| 199|0x00000000ec700000, 0x00000000ec700000, 0x00000000ec800000|  0%| F|  |TAMS 0x00000000ec700000, 0x00000000ec700000| Untracked 
| 200|0x00000000ec800000, 0x00000000ec800000, 0x00000000ec900000|  0%| F|  |TAMS 0x00000000ec800000, 0x00000000ec800000| Untracked 
| 201|0x00000000ec900000, 0x00000000ec900000, 0x00000000eca00000|  0%| F|  |TAMS 0x00000000ec900000, 0x00000000ec900000| Untracked 
| 202|0x00000000eca00000, 0x00000000eca00000, 0x00000000ecb00000|  0%| F|  |TAMS 0x00000000eca00000, 0x00000000eca00000| Untracked 
| 203|0x00000000ecb00000, 0x00000000ecb00000, 0x00000000ecc00000|  0%| F|  |TAMS 0x00000000ecb00000, 0x00000000ecb00000| Untracked 
| 204|0x00000000ecc00000, 0x00000000ecc00000, 0x00000000ecd00000|  0%| F|  |TAMS 0x00000000ecc00000, 0x00000000ecc00000| Untracked 
| 205|0x00000000ecd00000, 0x00000000ecd00000, 0x00000000ece00000|  0%| F|  |TAMS 0x00000000ecd00000, 0x00000000ecd00000| Untracked 
| 206|0x00000000ece00000, 0x00000000ece00000, 0x00000000ecf00000|  0%| F|  |TAMS 0x00000000ece00000, 0x00000000ece00000| Untracked 
| 207|0x00000000ecf00000, 0x00000000ecf00000, 0x00000000ed000000|  0%| F|  |TAMS 0x00000000ecf00000, 0x00000000ecf00000| Untracked 
| 208|0x00000000ed000000, 0x00000000ed000000, 0x00000000ed100000|  0%| F|  |TAMS 0x00000000ed000000, 0x00000000ed000000| Untracked 
| 209|0x00000000ed100000, 0x00000000ed100000, 0x00000000ed200000|  0%| F|  |TAMS 0x00000000ed100000, 0x00000000ed100000| Untracked 
| 210|0x00000000ed200000, 0x00000000ed200000, 0x00000000ed300000|  0%| F|  |TAMS 0x00000000ed200000, 0x00000000ed200000| Untracked 
| 211|0x00000000ed300000, 0x00000000ed300000, 0x00000000ed400000|  0%| F|  |TAMS 0x00000000ed300000, 0x00000000ed300000| Untracked 
| 212|0x00000000ed400000, 0x00000000ed400000, 0x00000000ed500000|  0%| F|  |TAMS 0x00000000ed400000, 0x00000000ed400000| Untracked 
| 213|0x00000000ed500000, 0x00000000ed500000, 0x00000000ed600000|  0%| F|  |TAMS 0x00000000ed500000, 0x00000000ed500000| Untracked 
| 214|0x00000000ed600000, 0x00000000ed600000, 0x00000000ed700000|  0%| F|  |TAMS 0x00000000ed600000, 0x00000000ed600000| Untracked 
| 215|0x00000000ed700000, 0x00000000ed700000, 0x00000000ed800000|  0%| F|  |TAMS 0x00000000ed700000, 0x00000000ed700000| Untracked 
| 216|0x00000000ed800000, 0x00000000ed800000, 0x00000000ed900000|  0%| F|  |TAMS 0x00000000ed800000, 0x00000000ed800000| Untracked 
| 217|0x00000000ed900000, 0x00000000ed900000, 0x00000000eda00000|  0%| F|  |TAMS 0x00000000ed900000, 0x00000000ed900000| Untracked 
| 218|0x00000000eda00000, 0x00000000eda00000, 0x00000000edb00000|  0%| F|  |TAMS 0x00000000eda00000, 0x00000000eda00000| Untracked 
| 219|0x00000000edb00000, 0x00000000edb00000, 0x00000000edc00000|  0%| F|  |TAMS 0x00000000edb00000, 0x00000000edb00000| Untracked 
| 220|0x00000000edc00000, 0x00000000edc00000, 0x00000000edd00000|  0%| F|  |TAMS 0x00000000edc00000, 0x00000000edc00000| Untracked 
| 221|0x00000000edd00000, 0x00000000edd00000, 0x00000000ede00000|  0%| F|  |TAMS 0x00000000edd00000, 0x00000000edd00000| Untracked 
| 222|0x00000000ede00000, 0x00000000ede00000, 0x00000000edf00000|  0%| F|  |TAMS 0x00000000ede00000, 0x00000000ede00000| Untracked 
| 223|0x00000000edf00000, 0x00000000edf00000, 0x00000000ee000000|  0%| F|  |TAMS 0x00000000edf00000, 0x00000000edf00000| Untracked 
| 224|0x00000000ee000000, 0x00000000ee000000, 0x00000000ee100000|  0%| F|  |TAMS 0x00000000ee000000, 0x00000000ee000000| Untracked 
| 225|0x00000000ee100000, 0x00000000ee100000, 0x00000000ee200000|  0%| F|  |TAMS 0x00000000ee100000, 0x00000000ee100000| Untracked 
| 226|0x00000000ee200000, 0x00000000ee200000, 0x00000000ee300000|  0%| F|  |TAMS 0x00000000ee200000, 0x00000000ee200000| Untracked 
| 227|0x00000000ee300000, 0x00000000ee300000, 0x00000000ee400000|  0%| F|  |TAMS 0x00000000ee300000, 0x00000000ee300000| Untracked 
| 228|0x00000000ee400000, 0x00000000ee400000, 0x00000000ee500000|  0%| F|  |TAMS 0x00000000ee400000, 0x00000000ee400000| Untracked 
| 229|0x00000000ee500000, 0x00000000ee500000, 0x00000000ee600000|  0%| F|  |TAMS 0x00000000ee500000, 0x00000000ee500000| Untracked 
| 230|0x00000000ee600000, 0x00000000ee600000, 0x00000000ee700000|  0%| F|  |TAMS 0x00000000ee600000, 0x00000000ee600000| Untracked 
| 231|0x00000000ee700000, 0x00000000ee700000, 0x00000000ee800000|  0%| F|  |TAMS 0x00000000ee700000, 0x00000000ee700000| Untracked 
| 232|0x00000000ee800000, 0x00000000ee8dc7e8, 0x00000000ee900000| 86%| E|  |TAMS 0x00000000ee800000, 0x00000000ee800000| Complete 
| 233|0x00000000ee900000, 0x00000000eea00000, 0x00000000eea00000|100%| E|CS|TAMS 0x00000000ee900000, 0x00000000ee900000| Complete 
| 234|0x00000000eea00000, 0x00000000eeb00000, 0x00000000eeb00000|100%| E|CS|TAMS 0x00000000eea00000, 0x00000000eea00000| Complete 
| 235|0x00000000eeb00000, 0x00000000eec00000, 0x00000000eec00000|100%| E|CS|TAMS 0x00000000eeb00000, 0x00000000eeb00000| Complete 
| 236|0x00000000eec00000, 0x00000000eed00000, 0x00000000eed00000|100%| E|CS|TAMS 0x00000000eec00000, 0x00000000eec00000| Complete 
| 237|0x00000000eed00000, 0x00000000eee00000, 0x00000000eee00000|100%| E|CS|TAMS 0x00000000eed00000, 0x00000000eed00000| Complete 
| 238|0x00000000eee00000, 0x00000000eef00000, 0x00000000eef00000|100%| E|CS|TAMS 0x00000000eee00000, 0x00000000eee00000| Complete 
| 239|0x00000000eef00000, 0x00000000ef000000, 0x00000000ef000000|100%| E|CS|TAMS 0x00000000eef00000, 0x00000000eef00000| Complete 
| 240|0x00000000ef000000, 0x00000000ef100000, 0x00000000ef100000|100%| E|CS|TAMS 0x00000000ef000000, 0x00000000ef000000| Complete 
| 241|0x00000000ef100000, 0x00000000ef200000, 0x00000000ef200000|100%| E|CS|TAMS 0x00000000ef100000, 0x00000000ef100000| Complete 
| 242|0x00000000ef200000, 0x00000000ef300000, 0x00000000ef300000|100%| E|CS|TAMS 0x00000000ef200000, 0x00000000ef200000| Complete 
| 243|0x00000000ef300000, 0x00000000ef400000, 0x00000000ef400000|100%| E|CS|TAMS 0x00000000ef300000, 0x00000000ef300000| Complete 
| 244|0x00000000ef400000, 0x00000000ef500000, 0x00000000ef500000|100%| E|CS|TAMS 0x00000000ef400000, 0x00000000ef400000| Complete 
| 245|0x00000000ef500000, 0x00000000ef600000, 0x00000000ef600000|100%| E|CS|TAMS 0x00000000ef500000, 0x00000000ef500000| Complete 
| 246|0x00000000ef600000, 0x00000000ef700000, 0x00000000ef700000|100%| E|  |TAMS 0x00000000ef600000, 0x00000000ef600000| Complete 
| 247|0x00000000ef700000, 0x00000000ef800000, 0x00000000ef800000|100%| E|CS|TAMS 0x00000000ef700000, 0x00000000ef700000| Complete 
| 248|0x00000000ef800000, 0x00000000ef900000, 0x00000000ef900000|100%| E|CS|TAMS 0x00000000ef800000, 0x00000000ef800000| Complete 
| 249|0x00000000ef900000, 0x00000000efa00000, 0x00000000efa00000|100%| E|CS|TAMS 0x00000000ef900000, 0x00000000ef900000| Complete 
| 250|0x00000000efa00000, 0x00000000efb00000, 0x00000000efb00000|100%| E|CS|TAMS 0x00000000efa00000, 0x00000000efa00000| Complete 
| 251|0x00000000efb00000, 0x00000000efc00000, 0x00000000efc00000|100%| E|CS|TAMS 0x00000000efb00000, 0x00000000efb00000| Complete 
| 252|0x00000000efc00000, 0x00000000efd00000, 0x00000000efd00000|100%| E|CS|TAMS 0x00000000efc00000, 0x00000000efc00000| Complete 
| 253|0x00000000efd00000, 0x00000000efe00000, 0x00000000efe00000|100%| E|CS|TAMS 0x00000000efd00000, 0x00000000efd00000| Complete 
| 254|0x00000000efe00000, 0x00000000eff00000, 0x00000000eff00000|100%| E|CS|TAMS 0x00000000efe00000, 0x00000000efe00000| Complete 
| 255|0x00000000eff00000, 0x00000000f0000000, 0x00000000f0000000|100%| E|CS|TAMS 0x00000000eff00000, 0x00000000eff00000| Complete 

Card table byte_map: [0x00000201f77d0000,0x00000201f78d0000] _byte_map_base: 0x00000201f70d0000

Marking Bits (Prev, Next): (CMBitMap*) 0x00000201ef84aa50, (CMBitMap*) 0x00000201ef84aa10
 Prev Bits: [0x00000201f81d0000, 0x00000201f89d0000)
 Next Bits: [0x00000201f79d0000, 0x00000201f81d0000)

Polling page: 0x00000201ed4a0000

Metaspace:

Usage:
  Non-class:     50.05 MB used.
      Class:      8.02 MB used.
       Both:     58.07 MB used.

Virtual space:
  Non-class space:       64.00 MB reserved,      50.44 MB ( 79%) committed,  1 nodes.
      Class space:      320.00 MB reserved,       8.38 MB (  3%) committed,  1 nodes.
             Both:      384.00 MB reserved,      58.81 MB ( 15%) committed. 

Chunk freelists:
   Non-Class:  13.47 MB
       Class:  7.67 MB
        Both:  21.14 MB

MaxMetaspaceSize: 384.00 MB
CompressedClassSpaceSize: 320.00 MB
Initial GC threshold: 21.00 MB
Current GC threshold: 97.94 MB
CDS: on
MetaspaceReclaimPolicy: balanced
 - commit_granule_bytes: 65536.
 - commit_granule_words: 8192.
 - virtual_space_node_default_size: 8388608.
 - enlarge_chunks_in_place: 1.
 - new_chunks_are_fully_committed: 0.
 - uncommit_free_chunks: 1.
 - use_allocation_guard: 0.
 - handle_deallocations: 1.


Internal statistics:

num_allocs_failed_limit: 9.
num_arena_births: 880.
num_arena_deaths: 0.
num_vsnodes_births: 2.
num_vsnodes_deaths: 0.
num_space_committed: 941.
num_space_uncommitted: 0.
num_chunks_returned_to_freelist: 9.
num_chunks_taken_from_freelist: 3549.
num_chunk_merges: 9.
num_chunk_splits: 2195.
num_chunks_enlarged: 1326.
num_inconsistent_stats: 0.

CodeHeap 'non-profiled nmethods': size=120000Kb used=7024Kb max_used=7024Kb free=112975Kb
 bounds [0x0000020187ad0000, 0x00000201881b0000, 0x000002018f000000]
CodeHeap 'profiled nmethods': size=120000Kb used=19664Kb max_used=19917Kb free=100335Kb
 bounds [0x0000020180000000, 0x0000020181380000, 0x0000020187530000]
CodeHeap 'non-nmethods': size=5760Kb used=2341Kb max_used=2415Kb free=3418Kb
 bounds [0x0000020187530000, 0x00000201877a0000, 0x0000020187ad0000]
 total_blobs=11025 nmethods=10169 adapters=768
 compilation: enabled
              stopped_count=0, restarted_count=0
 full_count=0

Compilation events (20 events):
Event: 180.248 Thread 0x00000201a8028950 nmethod 11724 0x000002018095cf10 code [0x000002018095d0a0, 0x000002018095d218]
Event: 181.292 Thread 0x00000201a8028950 11725       3       java.util.Formatter$FormatSpecifier::printString (107 bytes)
Event: 181.294 Thread 0x00000201a8028950 nmethod 11725 0x0000020181137590 code [0x0000020181137860, 0x00000201811387b8]
Event: 183.987 Thread 0x00000201a8026030 11726       4       java.util.stream.AbstractPipeline::close (48 bytes)
Event: 183.991 Thread 0x00000201a8026030 nmethod 11726 0x00000201881abf90 code [0x00000201881ac120, 0x00000201881ac278]
Event: 191.283 Thread 0x00000201a8028950 11727       3       org.gradle.internal.time.ExponentialBackoff::of (22 bytes)
Event: 191.284 Thread 0x00000201a8028950 nmethod 11727 0x0000020181136c90 code [0x0000020181136e80, 0x0000020181137368]
Event: 199.440 Thread 0x00000201a8028950 11728       3       java.nio.charset.CharsetDecoder::onMalformedInput (26 bytes)
Event: 199.440 Thread 0x00000201a8028950 nmethod 11728 0x0000020181136690 code [0x0000020181136840, 0x0000020181136b88]
Event: 199.440 Thread 0x00000201a8028950 11729       3       java.nio.charset.CharsetDecoder::implOnMalformedInput (1 bytes)
Event: 199.440 Thread 0x00000201a8028950 nmethod 11729 0x000002018095f810 code [0x000002018095f9a0, 0x000002018095fab8]
Event: 199.440 Thread 0x00000201a8028950 11730       3       java.nio.charset.CharsetDecoder::onUnmappableCharacter (26 bytes)
Event: 199.440 Thread 0x00000201a8028950 nmethod 11730 0x0000020181136090 code [0x0000020181136240, 0x0000020181136588]
Event: 199.440 Thread 0x00000201a8028950 11731       3       java.nio.charset.CharsetDecoder::implOnUnmappableCharacter (1 bytes)
Event: 199.440 Thread 0x00000201a8028950 nmethod 11731 0x0000020180a02810 code [0x0000020180a029a0, 0x0000020180a02ab8]
Event: 199.550 Thread 0x00000201a8028950 11732       3       org.gradle.internal.logging.sink.ProgressLogEventGenerator$Operation::completeHeader (154 bytes)
Event: 199.551 Thread 0x00000201a8028950 nmethod 11732 0x000002018049c190 code [0x000002018049c4e0, 0x000002018049d608]
Event: 201.898 Thread 0x00000201a8026030 11733       4       org.gradle.internal.logging.sink.OutputEventTransformer::onOutput (369 bytes)
Event: 202.991 Thread 0x00000201a8028950 11734       3       java.util.concurrent.LinkedBlockingDeque::linkLast (69 bytes)
Event: 202.991 Thread 0x00000201a8028950 nmethod 11734 0x0000020181135590 code [0x00000201811357a0, 0x0000020181135dc8]

GC Heap History (18 events):
Event: 0.211 GC heap before
{Heap before GC invocations=0 (full 0):
 garbage-first heap   total 262144K, used 23552K [0x00000000e0000000, 0x0000000100000000)
  region size 1024K, 23 young (23552K), 0 survivors (0K)
 Metaspace       used 1037K, committed 1152K, reserved 393216K
  class space    used 72K, committed 128K, reserved 327680K
}
Event: 0.212 GC heap after
{Heap after GC invocations=1 (full 0):
 garbage-first heap   total 262144K, used 2218K [0x00000000e0000000, 0x0000000100000000)
  region size 1024K, 3 young (3072K), 3 survivors (3072K)
 Metaspace       used 1037K, committed 1152K, reserved 393216K
  class space    used 72K, committed 128K, reserved 327680K
}
Event: 0.533 GC heap before
{Heap before GC invocations=1 (full 0):
 garbage-first heap   total 262144K, used 40106K [0x00000000e0000000, 0x0000000100000000)
  region size 1024K, 38 young (38912K), 3 survivors (3072K)
 Metaspace       used 4378K, committed 4544K, reserved 393216K
  class space    used 547K, committed 640K, reserved 327680K
}
Event: 0.537 GC heap after
{Heap after GC invocations=2 (full 0):
 garbage-first heap   total 262144K, used 10919K [0x00000000e0000000, 0x0000000100000000)
  region size 1024K, 5 young (5120K), 5 survivors (5120K)
 Metaspace       used 4378K, committed 4544K, reserved 393216K
  class space    used 547K, committed 640K, reserved 327680K
}
Event: 0.849 GC heap before
{Heap before GC invocations=2 (full 0):
 garbage-first heap   total 262144K, used 58023K [0x00000000e0000000, 0x0000000100000000)
  region size 1024K, 49 young (50176K), 5 survivors (5120K)
 Metaspace       used 4645K, committed 4864K, reserved 393216K
  class space    used 587K, committed 704K, reserved 327680K
}
Event: 0.853 GC heap after
{Heap after GC invocations=3 (full 0):
 garbage-first heap   total 262144K, used 16153K [0x00000000e0000000, 0x0000000100000000)
  region size 1024K, 5 young (5120K), 5 survivors (5120K)
 Metaspace       used 4645K, committed 4864K, reserved 393216K
  class space    used 587K, committed 704K, reserved 327680K
}
Event: 2.569 GC heap before
{Heap before GC invocations=3 (full 0):
 garbage-first heap   total 262144K, used 126745K [0x00000000e0000000, 0x0000000100000000)
  region size 1024K, 114 young (116736K), 5 survivors (5120K)
 Metaspace       used 21183K, committed 21504K, reserved 393216K
  class space    used 3078K, committed 3264K, reserved 327680K
}
Event: 2.576 GC heap after
{Heap after GC invocations=4 (full 0):
 garbage-first heap   total 262144K, used 23530K [0x00000000e0000000, 0x0000000100000000)
  region size 1024K, 12 young (12288K), 12 survivors (12288K)
 Metaspace       used 21183K, committed 21504K, reserved 393216K
  class space    used 3078K, committed 3264K, reserved 327680K
}
Event: 78.757 GC heap before
{Heap before GC invocations=5 (full 0):
 garbage-first heap   total 262144K, used 146410K [0x00000000e0000000, 0x0000000100000000)
  region size 1024K, 129 young (132096K), 12 survivors (12288K)
 Metaspace       used 35493K, committed 35968K, reserved 393216K
  class space    used 4935K, committed 5184K, reserved 327680K
}
Event: 78.771 GC heap after
{Heap after GC invocations=6 (full 0):
 garbage-first heap   total 262144K, used 31710K [0x00000000e0000000, 0x0000000100000000)
  region size 1024K, 16 young (16384K), 16 survivors (16384K)
 Metaspace       used 35493K, committed 35968K, reserved 393216K
  class space    used 4935K, committed 5184K, reserved 327680K
}
Event: 95.272 GC heap before
{Heap before GC invocations=7 (full 0):
 garbage-first heap   total 262144K, used 174046K [0x00000000e0000000, 0x0000000100000000)
  region size 1024K, 153 young (156672K), 16 survivors (16384K)
 Metaspace       used 47705K, committed 48192K, reserved 393216K
  class space    used 6768K, committed 6976K, reserved 327680K
}
Event: 95.288 GC heap after
{Heap after GC invocations=8 (full 0):
 garbage-first heap   total 262144K, used 38201K [0x00000000e0000000, 0x0000000100000000)
  region size 1024K, 15 young (15360K), 15 survivors (15360K)
 Metaspace       used 47705K, committed 48192K, reserved 393216K
  class space    used 6768K, committed 6976K, reserved 327680K
}
Event: 160.302 GC heap before
{Heap before GC invocations=8 (full 0):
 garbage-first heap   total 262144K, used 179513K [0x00000000e0000000, 0x0000000100000000)
  region size 1024K, 153 young (156672K), 15 survivors (15360K)
 Metaspace       used 54690K, committed 55424K, reserved 393216K
  class space    used 7665K, committed 8064K, reserved 327680K
}
Event: 160.324 GC heap after
{Heap after GC invocations=9 (full 0):
 garbage-first heap   total 262144K, used 51904K [0x00000000e0000000, 0x0000000100000000)
  region size 1024K, 20 young (20480K), 20 survivors (20480K)
 Metaspace       used 54690K, committed 55424K, reserved 393216K
  class space    used 7665K, committed 8064K, reserved 327680K
}
Event: 164.371 GC heap before
{Heap before GC invocations=9 (full 0):
 garbage-first heap   total 262144K, used 187072K [0x00000000e0000000, 0x0000000100000000)
  region size 1024K, 153 young (156672K), 20 survivors (20480K)
 Metaspace       used 56364K, committed 57152K, reserved 393216K
  class space    used 7728K, committed 8128K, reserved 327680K
}
Event: 164.392 GC heap after
{Heap after GC invocations=10 (full 0):
 garbage-first heap   total 262144K, used 66976K [0x00000000e0000000, 0x0000000100000000)
  region size 1024K, 15 young (15360K), 15 survivors (15360K)
 Metaspace       used 56364K, committed 57152K, reserved 393216K
  class space    used 7728K, committed 8128K, reserved 327680K
}
Event: 167.538 GC heap before
{Heap before GC invocations=10 (full 0):
 garbage-first heap   total 262144K, used 184736K [0x00000000e0000000, 0x0000000100000000)
  region size 1024K, 130 young (133120K), 15 survivors (15360K)
 Metaspace       used 59427K, committed 60096K, reserved 393216K
  class space    used 8203K, committed 8512K, reserved 327680K
}
Event: 167.548 GC heap after
{Heap after GC invocations=11 (full 0):
 garbage-first heap   total 262144K, used 66280K [0x00000000e0000000, 0x0000000100000000)
  region size 1024K, 5 young (5120K), 5 survivors (5120K)
 Metaspace       used 59427K, committed 60096K, reserved 393216K
  class space    used 8203K, committed 8512K, reserved 327680K
}

Dll operation events (15 events):
Event: 0.009 Loaded shared library C:\Users\duoc.nguyen1\.jdks\ms-17.0.20\bin\java.dll
Event: 0.020 Loaded shared library C:\Users\duoc.nguyen1\.jdks\ms-17.0.20\bin\jsvml.dll
Event: 0.046 Loaded shared library C:\Users\duoc.nguyen1\.jdks\ms-17.0.20\bin\zip.dll
Event: 0.048 Loaded shared library C:\Users\duoc.nguyen1\.jdks\ms-17.0.20\bin\instrument.dll
Event: 0.051 Loaded shared library C:\Users\duoc.nguyen1\.jdks\ms-17.0.20\bin\net.dll
Event: 0.052 Loaded shared library C:\Users\duoc.nguyen1\.jdks\ms-17.0.20\bin\nio.dll
Event: 0.053 Loaded shared library C:\Users\duoc.nguyen1\.jdks\ms-17.0.20\bin\zip.dll
Event: 0.184 Loaded shared library C:\Users\duoc.nguyen1\.jdks\ms-17.0.20\bin\jimage.dll
Event: 0.251 Loaded shared library C:\Users\duoc.nguyen1\.jdks\ms-17.0.20\bin\verify.dll
Event: 0.297 Loaded shared library C:\Users\duoc.nguyen1\.gradle\native\1def1411415f61bf3af743bc5b6707747c0891f09f0c88961ee8f79bc544acac\windows-amd64\native-platform.dll
Event: 0.321 Loaded shared library C:\Users\duoc.nguyen1\.gradle\native\0.2.7\x86_64-windows-gnu\gradle-fileevents.dll
Event: 0.962 Loaded shared library C:\Users\duoc.nguyen1\.jdks\ms-17.0.20\bin\management.dll
Event: 0.963 Loaded shared library C:\Users\duoc.nguyen1\.jdks\ms-17.0.20\bin\management_ext.dll
Event: 1.118 Loaded shared library C:\Users\duoc.nguyen1\.jdks\ms-17.0.20\bin\extnet.dll
Event: 1.315 Loaded shared library C:\Users\duoc.nguyen1\.jdks\ms-17.0.20\bin\sunmscapi.dll

Deoptimization events (20 events):
Event: 171.285 Thread 0x00000201a815d5c0 Uncommon trap: trap_request=0xffffffde fr.pc=0x00000201880804ac relative=0x000000000000054c
Event: 171.285 Thread 0x00000201a815d5c0 Uncommon trap: reason=class_check action=maybe_recompile pc=0x00000201880804ac method=java.util.Formatter$FormatSpecifier.printString(Ljava/lang/Object;Ljava/util/Locale;)V @ 99 c2
Event: 171.285 Thread 0x00000201a815d5c0 DEOPT PACKING pc=0x00000201880804ac sp=0x000000a58b0fe450
Event: 171.285 Thread 0x00000201a815d5c0 DEOPT UNPACKING pc=0x00000201875869a3 sp=0x000000a58b0fe3d0 mode 2
Event: 171.285 Thread 0x00000201a815d5c0 Uncommon trap: trap_request=0xffffffde fr.pc=0x00000201880804ac relative=0x000000000000054c
Event: 171.285 Thread 0x00000201a815d5c0 Uncommon trap: reason=class_check action=maybe_recompile pc=0x00000201880804ac method=java.util.Formatter$FormatSpecifier.printString(Ljava/lang/Object;Ljava/util/Locale;)V @ 99 c2
Event: 171.285 Thread 0x00000201a815d5c0 DEOPT PACKING pc=0x00000201880804ac sp=0x000000a58b0fe450
Event: 171.285 Thread 0x00000201a815d5c0 DEOPT UNPACKING pc=0x00000201875869a3 sp=0x000000a58b0fe3d0 mode 2
Event: 171.285 Thread 0x00000201a815d5c0 Uncommon trap: trap_request=0xffffffde fr.pc=0x00000201880804ac relative=0x000000000000054c
Event: 171.285 Thread 0x00000201a815d5c0 Uncommon trap: reason=class_check action=maybe_recompile pc=0x00000201880804ac method=java.util.Formatter$FormatSpecifier.printString(Ljava/lang/Object;Ljava/util/Locale;)V @ 99 c2
Event: 171.285 Thread 0x00000201a815d5c0 DEOPT PACKING pc=0x00000201880804ac sp=0x000000a58b0fe450
Event: 171.285 Thread 0x00000201a815d5c0 DEOPT UNPACKING pc=0x00000201875869a3 sp=0x000000a58b0fe3d0 mode 2
Event: 171.285 Thread 0x00000201a815d5c0 Uncommon trap: trap_request=0xffffffde fr.pc=0x000002018800f274 relative=0x0000000000000514
Event: 171.285 Thread 0x00000201a815d5c0 Uncommon trap: reason=class_check action=maybe_recompile pc=0x000002018800f274 method=java.util.Formatter$FormatSpecifier.printString(Ljava/lang/Object;Ljava/util/Locale;)V @ 99 c2
Event: 171.285 Thread 0x00000201a815d5c0 DEOPT PACKING pc=0x000002018800f274 sp=0x000000a58b0fe3e0
Event: 171.285 Thread 0x00000201a815d5c0 DEOPT UNPACKING pc=0x00000201875869a3 sp=0x000000a58b0fe3d0 mode 2
Event: 181.292 Thread 0x00000201a815d5c0 Uncommon trap: trap_request=0xffffffde fr.pc=0x000002018814b784 relative=0x0000000000002124
Event: 181.292 Thread 0x00000201a815d5c0 Uncommon trap: reason=class_check action=maybe_recompile pc=0x000002018814b784 method=java.util.Formatter$FormatSpecifier.printString(Ljava/lang/Object;Ljava/util/Locale;)V @ 99 c2
Event: 181.292 Thread 0x00000201a815d5c0 DEOPT PACKING pc=0x000002018814b784 sp=0x000000a58b0fe4a0
Event: 181.292 Thread 0x00000201a815d5c0 DEOPT UNPACKING pc=0x00000201875869a3 sp=0x000000a58b0fe3d8 mode 2

Classes loaded (20 events):
Event: 166.933 Loading class java/io/ObjectStreamClass$ClassDataSlot
Event: 166.933 Loading class java/io/ObjectStreamClass$ClassDataSlot done
Event: 167.510 Loading class java/io/Console
Event: 167.510 Loading class java/io/Console done
Event: 167.510 Loading class java/nio/charset/Charset$ExtendedProviderHolder
Event: 167.510 Loading class java/nio/charset/Charset$ExtendedProviderHolder done
Event: 167.511 Loading class java/nio/charset/Charset$ExtendedProviderHolder$1
Event: 167.511 Loading class java/nio/charset/Charset$ExtendedProviderHolder$1 done
Event: 167.524 Loading class java/nio/charset/Charset$2
Event: 167.525 Loading class java/nio/charset/Charset$2 done
Event: 167.525 Loading class java/nio/charset/Charset$1
Event: 167.525 Loading class java/nio/charset/Charset$1 done
Event: 167.528 Loading class java/nio/charset/UnsupportedCharsetException
Event: 167.528 Loading class java/nio/charset/UnsupportedCharsetException done
Event: 167.528 Loading class java/io/Console$2
Event: 167.529 Loading class jdk/internal/access/JavaIOAccess
Event: 167.529 Loading class jdk/internal/access/JavaIOAccess done
Event: 167.529 Loading class java/io/Console$2 done
Event: 196.426 Loading class java/time/Instant$1
Event: 196.426 Loading class java/time/Instant$1 done

Classes unloaded (0 events):
No events

Classes redefined (0 events):
No events

Internal exceptions (20 events):
Event: 160.042 Thread 0x00000201a815b760 Exception <a 'java/lang/ClassNotFoundException'{0x00000000e7ceaed8}: org/gradle/api/plugins/JavaPluginConventionBeanInfo> (0x00000000e7ceaed8) 
thrown [s\src\hotspot\share\classfile\systemDictionary.cpp, line 257]
Event: 160.043 Thread 0x00000201a815b760 Exception <a 'java/lang/ClassNotFoundException'{0x00000000e7cfa8e8}: org/gradle/api/plugins/JavaPluginConventionCustomizer> (0x00000000e7cfa8e8) 
thrown [s\src\hotspot\share\classfile\systemDictionary.cpp, line 257]
Event: 160.045 Thread 0x00000201a815b760 Exception <a 'java/lang/ClassNotFoundException'{0x00000000e7b1f818}: org/gradle/api/plugins/internal/NaggingJavaPluginConventionCustomizer> (0x00000000e7b1f818) 
thrown [s\src\hotspot\share\classfile\systemDictionary.cpp, line 257]
Event: 164.614 Thread 0x00000201a815b760 Implicit null exception at 0x000002018812fa10 to 0x0000020188133f18
Event: 165.208 Thread 0x00000201a815b760 Exception <a 'java/lang/NoSuchMethodError'{0x00000000ec138140}: 'void java.lang.invoke.DirectMethodHandle$Holder.invokeVirtual(java.lang.Object, java.lang.Object, java.lang.Object, java.lang.Object)'> (0x00000000ec138140) 
thrown [s\src\hotspot\share\interpreter\linkResolver.cpp, line 759]
Event: 165.320 Thread 0x00000201a815b760 Exception <a 'java/lang/NoSuchMethodError'{0x00000000ebde1d58}: 'int java.lang.invoke.DirectMethodHandle$Holder.invokeSpecialIFC(java.lang.Object, java.lang.Object, java.lang.Object, java.lang.Object, java.lang.Object)'> (0x00000000ebde1d58) 
thrown [s\src\hotspot\share\interpreter\linkResolver.cpp, line 759]
Event: 165.340 Thread 0x00000201a815b760 Implicit null exception at 0x0000020187d346eb to 0x0000020187d34710
Event: 166.436 Thread 0x00000201ad039300 Exception <a 'java/lang/NoSuchMethodError'{0x00000000eb03c758}: 'java.lang.Object java.lang.invoke.DirectMethodHandle$Holder.newInvokeSpecial(java.lang.Object, java.lang.Object, int, java.lang.Object, java.lang.Object)'> (0x00000000eb03c758) 
thrown [s\src\hotspot\share\interpreter\linkResolver.cpp, line 759]
Event: 166.504 Thread 0x00000201ad039300 Exception <a 'java/lang/NoSuchMethodError'{0x00000000eaff0c90}: 'void java.lang.invoke.DirectMethodHandle$Holder.invokeSpecial(java.lang.Object, java.lang.Object, java.lang.Object, java.lang.Object, int, java.lang.Object, java.lang.Object)'> (0x00000000eaff0c90) 
thrown [s\src\hotspot\share\interpreter\linkResolver.cpp, line 759]
Event: 166.546 Thread 0x00000201ad039300 Exception <a 'java/lang/NoSuchMethodError'{0x00000000eae84f30}: 'void java.lang.invoke.DirectMethodHandle$Holder.invokeInterface(java.lang.Object, java.lang.Object, java.lang.Object, java.lang.Object)'> (0x00000000eae84f30) 
thrown [s\src\hotspot\share\interpreter\linkResolver.cpp, line 759]
Event: 166.926 Thread 0x00000201ad039300 Exception <a 'java/lang/IncompatibleClassChangeError'{0x00000000ea96ea10}: Found class java.lang.Object, but interface was expected> (0x00000000ea96ea10) 
thrown [s\src\hotspot\share\interpreter\linkResolver.cpp, line 826]
Event: 166.932 Thread 0x00000201ad039300 Exception <a 'java/lang/NoSuchMethodError'{0x00000000ea9955d0}: static Ljava/lang/Object;.<clinit>()V> (0x00000000ea9955d0) 
thrown [s\src\hotspot\share\prims\jni.cpp, line 1112]
Event: 167.197 Thread 0x00000201ad039300 Exception <a 'java/lang/NoSuchMethodError'{0x00000000e9e2f8d0}: 'int java.lang.invoke.DirectMethodHandle$Holder.invokeStaticInit(java.lang.Object, java.lang.Object, java.lang.Object, java.lang.Object, java.lang.Object)'> (0x00000000e9e2f8d0) 
thrown [s\src\hotspot\share\interpreter\linkResolver.cpp, line 759]
Event: 167.316 Thread 0x00000201ad039300 Exception <a 'java/lang/NoSuchMethodError'{0x00000000e9c9b7c0}: 'java.lang.Object java.lang.invoke.Invokers$Holder.invokeExact_MT(java.lang.Object, java.lang.Object, java.lang.Object)'> (0x00000000e9c9b7c0) 
thrown [s\src\hotspot\share\interpreter\linkResolver.cpp, line 759]
Event: 167.368 Thread 0x00000201ad039300 Exception <a 'java/io/FileNotFoundException'{0x00000000e99b1278}> (0x00000000e99b1278) 
thrown [s\src\hotspot\share\prims\jni.cpp, line 516]
Event: 167.368 Thread 0x00000201ad039300 Exception <a 'java/io/FileNotFoundException'{0x00000000e99b2930}> (0x00000000e99b2930) 
thrown [s\src\hotspot\share\prims\jni.cpp, line 516]
Event: 167.561 Thread 0x00000201ad039300 Exception <a 'java/io/FileNotFoundException'{0x00000000eff2f7d8}> (0x00000000eff2f7d8) 
thrown [s\src\hotspot\share\prims\jni.cpp, line 516]
Event: 167.561 Thread 0x00000201ad039300 Exception <a 'java/io/FileNotFoundException'{0x00000000eff311b8}> (0x00000000eff311b8) 
thrown [s\src\hotspot\share\prims\jni.cpp, line 516]
Event: 167.611 Thread 0x00000201ad039300 Exception <a 'java/io/FileNotFoundException'{0x00000000ef4153b0}> (0x00000000ef4153b0) 
thrown [s\src\hotspot\share\prims\jni.cpp, line 516]
Event: 167.611 Thread 0x00000201ad039300 Exception <a 'java/io/FileNotFoundException'{0x00000000ef417038}> (0x00000000ef417038) 
thrown [s\src\hotspot\share\prims\jni.cpp, line 516]

VM Operations (20 events):
Event: 167.538 Executing VM operation: CollectForMetadataAllocation
Event: 167.548 Executing VM operation: CollectForMetadataAllocation done
Event: 167.590 Executing VM operation: G1PauseRemark
Event: 167.595 Executing VM operation: G1PauseRemark done
Event: 167.614 Executing VM operation: G1PauseCleanup
Event: 167.614 Executing VM operation: G1PauseCleanup done
Event: 168.626 Executing VM operation: Cleanup
Event: 168.626 Executing VM operation: Cleanup done
Event: 171.655 Executing VM operation: Cleanup
Event: 171.655 Executing VM operation: Cleanup done
Event: 172.667 Executing VM operation: Cleanup
Event: 172.667 Executing VM operation: Cleanup done
Event: 176.713 Executing VM operation: Cleanup
Event: 176.713 Executing VM operation: Cleanup done
Event: 180.510 Executing VM operation: HandshakeAllThreads
Event: 180.510 Executing VM operation: HandshakeAllThreads done
Event: 181.520 Executing VM operation: Cleanup
Event: 181.520 Executing VM operation: Cleanup done
Event: 191.617 Executing VM operation: Cleanup
Event: 191.617 Executing VM operation: Cleanup done

Memory protections (0 events):
No events

Nmethod flushes (20 events):
Event: 164.639 Thread 0x00000201a802f280 flushing  nmethod 0x0000020180f80910
Event: 164.640 Thread 0x00000201a802f280 flushing  nmethod 0x0000020180fbc410
Event: 164.640 Thread 0x00000201a802f280 flushing  nmethod 0x0000020180fbf990
Event: 164.640 Thread 0x00000201a802f280 flushing  nmethod 0x0000020180ff9990
Event: 164.640 Thread 0x00000201a802f280 flushing  nmethod 0x0000020180ff9f10
Event: 164.640 Thread 0x00000201a802f280 flushing  nmethod 0x0000020180ffe010
Event: 164.640 Thread 0x00000201a802f280 flushing  nmethod 0x0000020180ffef90
Event: 164.640 Thread 0x00000201a802f280 flushing  nmethod 0x0000020181000710
Event: 164.640 Thread 0x00000201a802f280 flushing  nmethod 0x0000020181000f10
Event: 164.640 Thread 0x00000201a802f280 flushing  nmethod 0x0000020181011490
Event: 164.640 Thread 0x00000201a802f280 flushing  nmethod 0x0000020181011b10
Event: 164.640 Thread 0x00000201a802f280 flushing  nmethod 0x0000020181011e90
Event: 164.640 Thread 0x00000201a802f280 flushing  nmethod 0x0000020181013d90
Event: 164.640 Thread 0x00000201a802f280 flushing  nmethod 0x00000201810b8b90
Event: 164.640 Thread 0x00000201a802f280 flushing  nmethod 0x00000201810b9c10
Event: 164.640 Thread 0x00000201a802f280 flushing  nmethod 0x00000201810cb090
Event: 164.641 Thread 0x00000201a802f280 flushing  nmethod 0x0000020181125c10
Event: 164.641 Thread 0x00000201a802f280 flushing  nmethod 0x0000020181135590
Event: 164.641 Thread 0x00000201a802f280 flushing  nmethod 0x00000201811f9c90
Event: 164.641 Thread 0x00000201a802f280 flushing  nmethod 0x000002018120e310

Events (20 events):
Event: 161.954 Thread 0x00000201a815b760 Thread added: 0x00000201ad0379b0
Event: 161.967 Thread 0x00000201a815b760 Thread added: 0x00000201ad034200
Event: 161.979 Thread 0x00000201a815b760 Thread added: 0x00000201ad037ec0
Event: 162.637 Thread 0x00000201ad20c5a0 Thread exited: 0x00000201ad20c5a0
Event: 162.659 Thread 0x00000201a8028950 Thread added: 0x00000201ad20a5c0
Event: 166.008 Thread 0x00000201ad20a5c0 Thread exited: 0x00000201ad20a5c0
Event: 166.416 Thread 0x00000201a815b760 Thread added: 0x00000201ad039300
Event: 166.444 Thread 0x00000201ad039300 Thread added: 0x00000201ad03a740
Event: 166.444 Thread 0x00000201ad039300 Thread added: 0x00000201ad03ac50
Event: 166.444 Thread 0x00000201ad039300 Thread added: 0x00000201ad03b160
Event: 166.444 Thread 0x00000201ad039300 Thread added: 0x00000201ad03b670
Event: 166.444 Thread 0x00000201ad039300 Thread added: 0x00000201ad0388e0
Event: 166.444 Thread 0x00000201ad039300 Thread added: 0x00000201ad03bb80
Event: 166.444 Thread 0x00000201ad039300 Thread added: 0x00000201ad0383d0
Event: 166.568 Thread 0x00000201ad039300 Thread added: 0x00000201ad038df0
Event: 166.982 Thread 0x00000201a8026030 Thread added: 0x00000201ad20a5c0
Event: 167.692 Thread 0x00000201ad039300 Thread added: 0x00000201ad039810
Event: 167.788 Thread 0x00000201ad039810 Thread added: 0x00000201ad039d20
Event: 167.788 Thread 0x00000201ad039810 Thread added: 0x00000201ad03a230
Event: 170.861 Thread 0x00000201ad20a5c0 Thread exited: 0x00000201ad20a5c0


Dynamic libraries:
0x00007ff6f2200000 - 0x00007ff6f220e000 	C:\Users\duoc.nguyen1\.jdks\ms-17.0.20\bin\java.exe
0x00007ffe46d60000 - 0x00007ffe46fc6000 	C:\WINDOWS\SYSTEM32\ntdll.dll
0x00007ffe46580000 - 0x00007ffe46649000 	C:\WINDOWS\System32\KERNEL32.DLL
0x00007ffe446d0000 - 0x00007ffe44aca000 	C:\WINDOWS\System32\KERNELBASE.dll
0x0000000064be0000 - 0x0000000064c7e000 	C:\ProgramData\Symantec\Symantec Endpoint Protection\14.3.10148.8000.105\Data\Sysfer\x64\sysfer.dll
0x00007ffe44160000 - 0x00007ffe442ac000 	C:\WINDOWS\System32\ucrtbase.dll
0x00007ffe153a0000 - 0x00007ffe153b8000 	C:\Users\duoc.nguyen1\.jdks\ms-17.0.20\bin\jli.dll
0x00007ffe121e0000 - 0x00007ffe121fe000 	C:\Users\duoc.nguyen1\.jdks\ms-17.0.20\bin\VCRUNTIME140.dll
0x00007ffe46650000 - 0x00007ffe46817000 	C:\WINDOWS\System32\USER32.dll
0x00007ffe445f0000 - 0x00007ffe44617000 	C:\WINDOWS\System32\win32u.dll
0x00007ffe45530000 - 0x00007ffe4555b000 	C:\WINDOWS\System32\GDI32.dll
0x00007ffe2da90000 - 0x00007ffe2dd22000 	C:\WINDOWS\WinSxS\amd64_microsoft.windows.common-controls_6595b64144ccf1df_6.0.26100.8521_none_3e08b75ce33403b3\COMCTL32.dll
0x00007ffe442b0000 - 0x00007ffe443db000 	C:\WINDOWS\System32\gdi32full.dll
0x00007ffe45380000 - 0x00007ffe45429000 	C:\WINDOWS\System32\msvcrt.dll
0x00007ffe43ff0000 - 0x00007ffe44093000 	C:\WINDOWS\System32\msvcp_win.dll
0x00007ffe463b0000 - 0x00007ffe463e2000 	C:\WINDOWS\System32\IMM32.DLL
0x00007ffe3d730000 - 0x00007ffe3d73c000 	C:\Users\duoc.nguyen1\.jdks\ms-17.0.20\bin\vcruntime140_1.dll
0x00007ffdc1800000 - 0x00007ffdc1889000 	C:\Users\duoc.nguyen1\.jdks\ms-17.0.20\bin\msvcp140.dll
0x00007ffd5c820000 - 0x00007ffd5d49b000 	C:\Users\duoc.nguyen1\.jdks\ms-17.0.20\bin\server\jvm.dll
0x00007ffe464c0000 - 0x00007ffe46576000 	C:\WINDOWS\System32\ADVAPI32.dll
0x00007ffe45df0000 - 0x00007ffe45e9a000 	C:\WINDOWS\System32\sechost.dll
0x00007ffe44d90000 - 0x00007ffe44ea8000 	C:\WINDOWS\System32\RPCRT4.dll
0x00007ffe452f0000 - 0x00007ffe45370000 	C:\WINDOWS\System32\WS2_32.dll
0x00007ffe43e50000 - 0x00007ffe43eae000 	C:\WINDOWS\SYSTEM32\POWRPROF.dll
0x00007ffe39fb0000 - 0x00007ffe39fe6000 	C:\WINDOWS\SYSTEM32\WINMM.dll
0x00007ffe2dd30000 - 0x00007ffe2dd3b000 	C:\WINDOWS\SYSTEM32\VERSION.dll
0x00007ffe43e30000 - 0x00007ffe43e44000 	C:\WINDOWS\SYSTEM32\UMPDC.dll
0x00007ffe42d40000 - 0x00007ffe42d5b000 	C:\WINDOWS\SYSTEM32\kernel.appcore.dll
0x00007ffe39440000 - 0x00007ffe3944a000 	C:\Users\duoc.nguyen1\.jdks\ms-17.0.20\bin\jimage.dll
0x00007ffe2ddb0000 - 0x00007ffe2dff2000 	C:\WINDOWS\SYSTEM32\DBGHELP.DLL
0x00007ffe45fc0000 - 0x00007ffe46343000 	C:\WINDOWS\System32\combase.dll
0x00007ffe45d00000 - 0x00007ffe45dd9000 	C:\WINDOWS\System32\OLEAUT32.dll
0x00007ffe23540000 - 0x00007ffe2357b000 	C:\WINDOWS\SYSTEM32\dbgcore.DLL
0x00007ffe44620000 - 0x00007ffe446c8000 	C:\WINDOWS\System32\bcryptPrimitives.dll
0x00007ffe23450000 - 0x00007ffe2345f000 	C:\Users\duoc.nguyen1\.jdks\ms-17.0.20\bin\instrument.dll
0x00007ffe10d10000 - 0x00007ffe10d36000 	C:\Users\duoc.nguyen1\.jdks\ms-17.0.20\bin\java.dll
0x00007ffdbffc0000 - 0x00007ffdc0096000 	C:\Users\duoc.nguyen1\.jdks\ms-17.0.20\bin\jsvml.dll
0x00007ffe45560000 - 0x00007ffe45ce4000 	C:\WINDOWS\System32\SHELL32.dll
0x00007ffe41980000 - 0x00007ffe42200000 	C:\WINDOWS\SYSTEM32\windows.storage.dll
0x00007ffe45ea0000 - 0x00007ffe45f96000 	C:\WINDOWS\System32\SHCORE.dll
0x00007ffe46cb0000 - 0x00007ffe46d17000 	C:\WINDOWS\System32\shlwapi.dll
0x00007ffe43f10000 - 0x00007ffe43f39000 	C:\WINDOWS\SYSTEM32\profapi.dll
0x00007ffe0bb70000 - 0x00007ffe0bb88000 	C:\Users\duoc.nguyen1\.jdks\ms-17.0.20\bin\zip.dll
0x00007ffe0dd70000 - 0x00007ffe0dd8b000 	C:\Users\duoc.nguyen1\.jdks\ms-17.0.20\bin\net.dll
0x00007ffe3d5e0000 - 0x00007ffe3d709000 	C:\WINDOWS\SYSTEM32\WINHTTP.dll
0x00007ffe43290000 - 0x00007ffe432fc000 	C:\WINDOWS\system32\mswsock.dll
0x00007ffe0bcc0000 - 0x00007ffe0bcd6000 	C:\Users\duoc.nguyen1\.jdks\ms-17.0.20\bin\nio.dll
0x00007ffe31d90000 - 0x00007ffe31da0000 	C:\Users\duoc.nguyen1\.jdks\ms-17.0.20\bin\verify.dll
0x00007ffe0a8d0000 - 0x00007ffe0a8f7000 	C:\Users\duoc.nguyen1\.gradle\native\1def1411415f61bf3af743bc5b6707747c0891f09f0c88961ee8f79bc544acac\windows-amd64\native-platform.dll
0x00007ffdd70a0000 - 0x00007ffdd7118000 	C:\Users\duoc.nguyen1\.gradle\native\0.2.7\x86_64-windows-gnu\gradle-fileevents.dll
0x00007ffe31750000 - 0x00007ffe3175a000 	C:\Users\duoc.nguyen1\.jdks\ms-17.0.20\bin\management.dll
0x00007ffe2f290000 - 0x00007ffe2f29c000 	C:\Users\duoc.nguyen1\.jdks\ms-17.0.20\bin\management_ext.dll
0x00007ffe45cf0000 - 0x00007ffe45cf8000 	C:\WINDOWS\System32\PSAPI.DLL
0x00007ffe424b0000 - 0x00007ffe424e3000 	C:\WINDOWS\SYSTEM32\IPHLPAPI.DLL
0x00007ffe45de0000 - 0x00007ffe45dea000 	C:\WINDOWS\System32\NSI.dll
0x00007ffe3d960000 - 0x00007ffe3d97d000 	C:\WINDOWS\SYSTEM32\dhcpcsvc6.DLL
0x00007ffe3d930000 - 0x00007ffe3d955000 	C:\WINDOWS\SYSTEM32\dhcpcsvc.DLL
0x00007ffe424f0000 - 0x00007ffe4263a000 	C:\WINDOWS\SYSTEM32\DNSAPI.dll
0x00007ffe430b0000 - 0x00007ffe430bd000 	C:\WINDOWS\SYSTEM32\DSPARSE.dll
0x00007ffe2da80000 - 0x00007ffe2da89000 	C:\Users\duoc.nguyen1\.jdks\ms-17.0.20\bin\extnet.dll
0x00007ffe43690000 - 0x00007ffe436ab000 	C:\WINDOWS\SYSTEM32\CRYPTSP.dll
0x00007ffe42ca0000 - 0x00007ffe42cd9000 	C:\WINDOWS\system32\rsaenh.dll
0x00007ffe43340000 - 0x00007ffe43373000 	C:\WINDOWS\SYSTEM32\USERENV.dll
0x00007ffe43ee0000 - 0x00007ffe43f0a000 	C:\WINDOWS\SYSTEM32\bcrypt.dll
0x00007ffe434f0000 - 0x00007ffe434fc000 	C:\WINDOWS\SYSTEM32\CRYPTBASE.dll
0x00007ffe21740000 - 0x00007ffe2174e000 	C:\Users\duoc.nguyen1\.jdks\ms-17.0.20\bin\sunmscapi.dll
0x00007ffe443e0000 - 0x00007ffe44558000 	C:\WINDOWS\System32\CRYPT32.dll
0x00007ffe437f0000 - 0x00007ffe43820000 	C:\WINDOWS\SYSTEM32\ncrypt.dll
0x00007ffe437a0000 - 0x00007ffe437df000 	C:\WINDOWS\SYSTEM32\NTASN1.dll
0x00007ffdf9200000 - 0x00007ffdf9208000 	C:\WINDOWS\system32\wshunix.dll

dbghelp: loaded successfully - version: 4.0.5 - missing functions: none
symbol engine: initialized successfully - sym options: 0x614 - pdb path: .;C:\Users\duoc.nguyen1\.jdks\ms-17.0.20\bin;C:\WINDOWS\SYSTEM32;C:\ProgramData\Symantec\Symantec Endpoint Protection\14.3.10148.8000.105\Data\Sysfer\x64;C:\WINDOWS\WinSxS\amd64_microsoft.windows.common-controls_6595b64144ccf1df_6.0.26100.8521_none_3e08b75ce33403b3;C:\Users\duoc.nguyen1\.jdks\ms-17.0.20\bin\server;C:\Users\duoc.nguyen1\.gradle\native\1def1411415f61bf3af743bc5b6707747c0891f09f0c88961ee8f79bc544acac\windows-amd64;C:\Users\duoc.nguyen1\.gradle\native\0.2.7\x86_64-windows-gnu

VM Arguments:
jvm_args: --add-opens=java.base/java.lang=ALL-UNNAMED --add-opens=java.base/java.lang.invoke=ALL-UNNAMED --add-opens=java.base/java.util=ALL-UNNAMED --add-opens=java.prefs/java.util.prefs=ALL-UNNAMED --add-exports=jdk.compiler/com.sun.tools.javac.api=ALL-UNNAMED --add-exports=jdk.compiler/com.sun.tools.javac.util=ALL-UNNAMED --add-opens=java.base/java.util=ALL-UNNAMED --add-opens=java.prefs/java.util.prefs=ALL-UNNAMED --add-opens=java.base/java.nio.charset=ALL-UNNAMED --add-opens=java.base/java.net=ALL-UNNAMED --add-opens=java.base/java.util.concurrent.atomic=ALL-UNNAMED --add-opens=java.xml/javax.xml.namespace=ALL-UNNAMED -XX:MaxMetaspaceSize=384m -XX:+HeapDumpOnOutOfMemoryError -Xms256m -Xmx512m -Dfile.encoding=windows-1252 -Duser.country=US -Duser.language=en -Duser.variant -javaagent:C:\Users\duoc.nguyen1\.gradle\wrapper\dists\gradle-8.13-bin\5xuhj0ry160q40clulazy9h7d\gradle-8.13\lib\agents\gradle-instrumentation-agent-8.13.jar 
java_command: org.gradle.launcher.daemon.bootstrap.GradleDaemon 8.13
java_class_path (initial): C:\Users\duoc.nguyen1\.gradle\wrapper\dists\gradle-8.13-bin\5xuhj0ry160q40clulazy9h7d\gradle-8.13\lib\gradle-daemon-main-8.13.jar
Launcher Type: SUN_STANDARD

[Global flags]
     intx CICompilerCount                          = 4                                         {product} {ergonomic}
   size_t CompressedClassSpaceSize                 = 335544320                                 {product} {ergonomic}
     uint ConcGCThreads                            = 2                                         {product} {ergonomic}
     uint G1ConcRefinementThreads                  = 8                                         {product} {ergonomic}
   size_t G1HeapRegionSize                         = 1048576                                   {product} {ergonomic}
    uintx GCDrainStackTargetSize                   = 64                                        {product} {ergonomic}
     bool HeapDumpOnOutOfMemoryError               = true                                   {manageable} {command line}
   size_t InitialHeapSize                          = 268435456                                 {product} {command line}
   size_t MarkStackSize                            = 4194304                                   {product} {ergonomic}
   size_t MaxHeapSize                              = 536870912                                 {product} {command line}
   size_t MaxMetaspaceSize                         = 402653184                                 {product} {command line}
   size_t MaxNewSize                               = 321912832                                 {product} {ergonomic}
   size_t MinHeapDeltaBytes                        = 1048576                                   {product} {ergonomic}
   size_t MinHeapSize                              = 268435456                                 {product} {command line}
    uintx NonNMethodCodeHeapSize                   = 5839372                                {pd product} {ergonomic}
    uintx NonProfiledCodeHeapSize                  = 122909434                              {pd product} {ergonomic}
    uintx ProfiledCodeHeapSize                     = 122909434                              {pd product} {ergonomic}
    uintx ReservedCodeCacheSize                    = 251658240                              {pd product} {ergonomic}
     bool SegmentedCodeCache                       = true                                      {product} {ergonomic}
   size_t SoftMaxHeapSize                          = 536870912                              {manageable} {ergonomic}
     bool UseCompressedClassPointers               = true                           {product lp64_product} {ergonomic}
     bool UseCompressedOops                        = true                           {product lp64_product} {ergonomic}
     bool UseG1GC                                  = true                                      {product} {ergonomic}
     bool UseLargePagesIndividualAllocation        = false                                  {pd product} {ergonomic}

Logging:
Log output configuration:
 #0: stdout all=warning uptime,level,tags
 #1: stderr all=off uptime,level,tags

Environment Variables:
JAVA_HOME=C:\Users\duoc.nguyen1\.jdks\ms-17.0.20
CLASSPATH=C:\My Project\e-commerce\BE\\gradle\wrapper\gradle-wrapper.jar
PATH=C:\php81;C:\Program Files\Microsoft SDKs\Azure\CLI2\wbin;C:\Users\duoc.nguyen1\.jdks\ms-17.0.20;C:\Python310\Scripts\;C:\Python310\;C:\WINDOWS\system32;C:\WINDOWS;C:\WINDOWS\System32\Wbem;C:\WINDOWS\System32\WindowsPowerShell\v1.0\;C:\WINDOWS\System32\OpenSSH\;C:\Program Files\Git\cmd;C:\ProgramData\chocolatey\bin;C:\ProgramData\nvm;C:\nvm4w\nodejs;C:\php81;C:\composer\bin;C:\Program Files\dotnet\;C:\Program Files (x86)\dotnet\;C:\ProgramData\chocolatey\lib\maven\apache-maven-3.9.15\bin;C:\Program Files\OpenSSL-Win64\bin;C:\Program Files\Docker\Docker\resources\bin;C:\Program Files\PuTTY\;C:\Program Files\MySQL\MySQL Shell 8.0\bin\;C:\Users\duoc.nguyen1\AppData\Local\Microsoft\WindowsApps;C:\Users\duoc.nguyen1\AppData\Local\Programs\Microsoft VS Code\bin;C:\ProgramData\nvm;C:\nvm4w\nodejs;C:\Users\duoc.nguyen1\.dotnet\tools;C:\Users\duoc.nguyen1\AppData\Local\GitHubDesktop\bin
USERNAME=duoc.nguyen1
OS=Windows_NT
PROCESSOR_IDENTIFIER=Intel64 Family 6 Model 191 Stepping 5, GenuineIntel
TMP=C:\Users\DUOC~1.NGU\AppData\Local\Temp
TEMP=C:\Users\DUOC~1.NGU\AppData\Local\Temp



Periodic native trim disabled


---------------  S Y S T E M  ---------------

OS:
 Windows 11 , 64 bit Build 26100 (10.0.26100.8521)
OS uptime: 0 days 7:22 hours
Hyper-V role detected

CPU: total 8 (initial active 8) (4 cores per cpu, 2 threads per core) family 6 model 191 stepping 5 microcode 0x2c, cx8, cmov, fxsr, ht, mmx, 3dnowpref, sse, sse2, sse3, ssse3, sse4.1, sse4.2, popcnt, lzcnt, tsc, tscinvbit, avx, avx2, aes, erms, clmul, bmi1, bmi2, adx, sha, fma, vzeroupper, clflush, clflushopt, clwb, hv
Processor Information for the first 8 processors :
  Max Mhz: 3500, Current Mhz: 3500, Mhz Limit: 3500

Memory: 4k page, system-wide physical 16125M (1033M free)
TotalPageFile size 32509M (AvailPageFile size 0M)
current process WorkingSet (physical memory assigned to process): 373M, peak: 431M
current process commit charge ("private bytes"): 501M, peak: 528M

vm_info: OpenJDK 64-Bit Server VM (17.0.20+8-LTS) for windows-amd64 JRE (17.0.20+8-LTS), built on Jul 14 2026 18:14:29 by "MicrosoftCorporation" with MS VC++ 17.14 (VS2022)

END.
